-- phpMyAdmin SQL Dump
-- version 5.0.2
-- https://www.phpmyadmin.net/
--
-- Host: 127.0.0.1
-- Generation Time: Oct 23, 2020 at 01:27 PM
-- Server version: 10.4.11-MariaDB
-- PHP Version: 7.4.8

SET SQL_MODE = "NO_AUTO_VALUE_ON_ZERO";
START TRANSACTION;
SET time_zone = "+00:00";


/*!40101 SET @OLD_CHARACTER_SET_CLIENT=@@CHARACTER_SET_CLIENT */;
/*!40101 SET @OLD_CHARACTER_SET_RESULTS=@@CHARACTER_SET_RESULTS */;
/*!40101 SET @OLD_COLLATION_CONNECTION=@@COLLATION_CONNECTION */;
/*!40101 SET NAMES utf8mb4 */;

--
-- Database: `calibration`
--

-- --------------------------------------------------------

--
-- Table structure for table `calibration`
--

CREATE TABLE `calibration` (
  `RecId` bigint(20) NOT NULL,
  `CalibrationId` bigint(20) NOT NULL,
  `WeightBoxId` varchar(100) NOT NULL,
  `CalibrationName` varchar(100) NOT NULL,
  `InstrumentId` bigint(20) NOT NULL,
  `InstrumentName` varchar(100) NOT NULL,
  `DeviceId` bigint(20) NOT NULL,
  `DeviceName` varchar(100) NOT NULL,
  `DeviceType` varchar(100) NOT NULL,
  `Make` varchar(100) NOT NULL,
  `Model` varchar(100) NOT NULL,
  `SpiritLevel` int(11) NOT NULL,
  `Internal` int(11) NOT NULL,
  `CalibrationDate` datetime DEFAULT NULL,
  `CalibrationNextDate` datetime DEFAULT NULL,
  `CalibrationNextDate1` datetime DEFAULT NULL,
  `PerformedBy` varchar(70) NOT NULL,
  `PerformDate` datetime NOT NULL,
  `VerifiedBy` varchar(70) NOT NULL,
  `VerifiedDate` datetime DEFAULT NULL,
  `AproovelBy` varchar(70) NOT NULL,
  `AproovelDate` datetime DEFAULT NULL,
  `Status` int(11) NOT NULL,
  `FormId` varchar(50) NOT NULL,
  `CreatedDate` timestamp NOT NULL DEFAULT current_timestamp(),
  `RePerform` int(11) NOT NULL DEFAULT 0
) ENGINE=InnoDB DEFAULT CHARSET=latin1;

--
-- Dumping data for table `calibration`
--

INSERT INTO `calibration` (`RecId`, `CalibrationId`, `WeightBoxId`, `CalibrationName`, `InstrumentId`, `InstrumentName`, `DeviceId`, `DeviceName`, `DeviceType`, `Make`, `Model`, `SpiritLevel`, `Internal`, `CalibrationDate`, `CalibrationNextDate`, `CalibrationNextDate1`, `PerformedBy`, `PerformDate`, `VerifiedBy`, `VerifiedDate`, `AproovelBy`, `AproovelDate`, `Status`, `FormId`, `CreatedDate`, `RePerform`) VALUES
(1, 2, '', '', 1, '', 1, '', '', 'HP', 'Model1', 1, 1, '2020-02-26 00:00:00', NULL, '2020-03-27 00:00:00', 'analysis', '2020-02-26 11:57:30', 'Verify1', '2020-02-26 12:01:17', 'approver', '2020-02-29 06:02:05', 30, '1582718230', '2020-02-26 11:57:30', 0),
(2, 1, '', '', 2, '', 4, '', '', 'Dell', 'Model100', 2, 2, '2020-02-26 00:00:00', NULL, '2020-02-27 00:00:00', 'analysis', '2020-02-26 12:16:08', 'Verify1', '2020-02-26 13:00:54', 'approver', '2020-02-28 12:57:32', 30, '1582719343', '2020-02-26 12:16:08', 0),
(3, 1, '', '', 1, '', 2, '', '', 'HP', 'Model2', 1, 2, '2020-02-27 00:00:00', NULL, '2020-02-28 00:00:00', 'analysis', '2020-02-27 05:37:33', 'Verify1', '2020-02-27 05:42:32', 'approver', '2020-02-29 12:39:20', 40, '1582781832', '2020-02-27 05:37:33', 0),
(4, 2, '', '', 1, '', 1, '', '', 'HP', 'Model1', 1, 2, '2020-02-27 00:00:00', NULL, '2020-03-28 00:00:00', 'analysis', '2020-02-27 05:39:57', 'verify', '2020-02-29 11:26:23', 'euler', '2020-03-02 13:04:11', 30, '1582781980', '2020-02-27 05:39:57', 0),
(5, 1, '', '', 1, '', 2, '', '', 'HP', 'Model2', 1, 1, '2020-02-27 00:00:00', NULL, '2020-02-28 00:00:00', 'analysis', '2020-02-27 07:54:33', 'verify', '2020-02-29 12:20:03', '', NULL, 25, '1582787373', '2020-02-27 07:54:33', 0),
(6, 1, '', '', 2, '', 4, '', '', 'Dell', 'Model100', 2, 2, '2020-02-27 00:00:00', NULL, '2020-02-28 00:00:00', 'analysis', '2020-02-27 08:40:16', 'verify', '2020-03-02 05:32:28', 'approver', '2020-06-19 14:39:20', 30, '1582790083', '2020-02-27 08:40:16', 0),
(7, 2, '', '', 1, '', 2, '', '', 'HP', 'Model2', 2, 1, '2020-02-27 00:00:00', NULL, '2020-03-28 00:00:00', 'analysis', '2020-02-27 11:37:38', '', NULL, '', NULL, 10, '1582803448', '2020-02-27 11:37:39', 0),
(8, 2, '', '', 1, '', 2, '', '', 'HP', 'Model2', 2, 1, '2020-02-27 00:00:00', NULL, '2020-03-28 00:00:00', 'analysis', '2020-02-27 11:40:22', '', NULL, '', NULL, 10, '1582803448', '2020-02-27 11:40:22', 0),
(9, 2, '', '', 1, '', 2, '', '', 'HP', 'Model2', 2, 1, '2020-02-27 00:00:00', NULL, '2020-03-28 00:00:00', 'analysis', '2020-02-27 11:47:26', 'Verify1', '2020-03-19 17:43:22', '', NULL, 20, '1582803448', '2020-02-27 11:47:26', 0),
(10, 1, '', '', 1, '', 2, '', '', 'HP', 'Model2', 1, 1, '2020-02-28 00:00:00', NULL, '2020-02-29 00:00:00', 'analysis', '2020-02-28 06:16:56', 'verify', '2020-02-29 12:22:44', '', NULL, 20, '1582870515', '2020-02-28 06:16:56', 0),
(11, 1, '', '', 1, '', 2, '', '', 'HP', 'Model2', 1, 1, '2020-02-28 00:00:00', NULL, '2020-02-29 00:00:00', 'analysis', '2020-02-28 06:18:22', 'verify', '2020-06-12 10:52:14', '', NULL, 20, '1582870515', '2020-02-28 06:18:22', 0),
(12, 1, '', '', 1, '', 2, '', '', 'HP', 'Model2', 1, 1, '2020-02-28 00:00:00', NULL, '2020-02-29 00:00:00', 'analysis', '2020-02-28 06:19:59', 'verify', '2020-06-12 10:53:05', '', NULL, 20, '1582870515', '2020-02-28 06:19:59', 0),
(13, 2, '', '', 1, '', 2, '', '', 'HP', 'Model2', 1, 2, '2020-02-28 00:00:00', NULL, '2020-03-29 00:00:00', 'analysis', '2020-02-28 06:21:01', '', NULL, '', NULL, 10, '1582870810', '2020-02-28 06:21:01', 0),
(14, 2, '', '', 2, '', 4, '', '', 'Dell', 'Model100', 1, 1, '2020-02-28 00:00:00', NULL, '2020-03-29 00:00:00', 'analysis', '2020-02-28 06:50:24', '', NULL, '', NULL, 10, '1582872453', '2020-02-28 06:50:24', 0),
(15, 2, '', '', 2, '', 4, '', '', 'Dell', 'Model100', 2, 1, '2020-03-02 00:00:00', NULL, '2020-04-01 00:00:00', 'analysis', '2020-03-02 08:18:14', '', NULL, '', NULL, 10, '1583134389', '2020-03-02 08:18:14', 0),
(16, 1, '', '', 1, '', 2, '', '', 'HP', 'Model2', 1, 1, '2020-03-02 00:00:00', NULL, '2020-03-03 00:00:00', 'newton', '2020-03-02 13:06:19', 'verify', '2020-06-12 10:53:24', '', NULL, 20, '1583154364', '2020-03-02 13:06:19', 0),
(17, 1, '', '', 2, '', 4, '', '', 'Dell', 'Model100', 1, 1, '2020-03-02 00:00:00', NULL, '2020-03-03 00:00:00', 'newton', '2020-03-02 13:17:04', 'verify', '2020-06-12 10:54:10', '', NULL, 20, '1583154988', '2020-03-02 13:17:04', 0),
(18, 2, 'test', '', 2, '', 4, '', '', 'Dell', 'Model100', 1, 1, '2020-03-18 00:00:00', NULL, '2020-04-17 00:00:00', 'newton', '2020-03-18 09:56:02', 'Verify1', '2020-03-19 17:36:42', '', NULL, 25, '1584525150', '2020-03-18 09:56:02', 0),
(19, 2, 'test', '', 2, '', 4, '', '', 'Dell', 'Model100', 1, 2, '2020-03-18 00:00:00', NULL, '2020-04-17 00:00:00', 'analysis', '2020-03-18 18:12:34', '', NULL, '', NULL, 10, '1584535331', '2020-03-18 12:42:34', 0),
(20, 1, 'test1', '', 1, '', 1, '', '', 'HP', 'Model1', 1, 1, '2020-03-18 00:00:00', NULL, '2020-03-19 00:00:00', 'analysis', '2020-03-19 12:25:14', 'verify', '2020-06-12 10:54:25', '', NULL, 20, '1584600891', '2020-03-19 06:55:14', 0),
(21, 1, 'test2', '', 1, '', 2, '', '', 'HP', 'Model1', 1, 1, '2020-03-19 00:00:00', NULL, '2020-03-20 00:00:00', 'analysis', '2020-03-19 12:31:12', 'verify', '2020-06-12 11:04:07', '', NULL, 20, '1584601254', '2020-03-19 07:01:12', 0),
(22, 1, 'test2', '', 1, '', 1, '', '', 'HP', 'Model1', 1, 1, '2020-03-19 00:00:00', NULL, '2020-03-20 00:00:00', 'analysis', '2020-03-19 17:58:42', 'verify', '2020-06-19 14:33:30', '', NULL, 25, 'BAL/AD/1/RP:22', '2020-03-19 12:28:42', 0),
(26, 1, 'test2', '', 1, '', 1, '', '', 'HP', 'Model1', 1, 1, '2020-03-20 00:00:00', NULL, '2020-03-21 00:00:00', 'analysis', '2020-03-20 15:46:00', 'verify', '2020-06-19 14:33:51', '', NULL, 25, 'BAL/AD/1/RP:23', '2020-03-20 10:16:00', 0),
(28, 1, 'test2', '', 1, '', 2, '', '', 'HP', 'Model1', 1, 1, '2020-03-20 00:00:00', NULL, '2020-03-21 00:00:00', 'analysis', '2020-03-19 12:31:12', 'verify', '2020-06-19 14:41:00', '', NULL, 20, '1584601254', '2020-03-19 07:01:12', 0),
(29, 1, 'test2', '', 1, '', 2, '', '', 'HP', 'Model2', 1, 1, '2020-03-21 00:00:00', NULL, '2020-03-22 00:00:00', 'analysis', '2020-03-21 11:23:56', 'verify', '2020-06-19 15:11:32', '', NULL, 25, 'BAL/AD/2/RP:25', '2020-03-21 05:53:56', 0),
(30, 1, 'test2', '', 1, '', 1, '', '', 'HP', 'Model1', 1, 1, '2020-04-01 00:00:00', '2020-04-02 00:00:00', NULL, 'analysis', '2020-04-01 15:24:32', 'verify', '2020-06-19 15:12:13', '', NULL, 25, 'BAL/AD/1/RP:26', '2020-04-01 09:54:32', 0),
(31, 2, 'test2', '', 1, '', 1, '', '', 'HP', 'Model1', 0, 0, '2020-04-01 00:00:00', '2020-05-01 00:00:00', '2020-04-02 00:00:00', 'analysis', '2020-04-01 18:41:29', '', NULL, '', NULL, 10, 'BAL/AD/1/RP:27', '2020-04-01 13:11:29', 0),
(32, 1, 'test2', '', 1, '', 3, '', '', 'Dell', 'Model3', 0, 0, '2020-04-01 00:00:00', '2020-04-02 00:00:00', '2020-04-02 00:00:00', 'analysis', '2020-04-01 18:45:23', '', NULL, '', NULL, 10, 'BAL/AD/3/RP:28', '2020-04-01 13:15:23', 0),
(33, 2, 'test2', '', 1, '', 2, '', '', 'HP', 'Model2', 0, 0, '2020-04-01 00:00:00', '2020-05-01 00:00:00', '2020-04-08 00:00:00', 'analysis', '2020-04-01 18:50:04', '', NULL, '', NULL, 10, 'BAL/AD/2/RP:29', '2020-04-01 13:20:04', 0),
(35, 2, 'test2', '', 1, '', 1, '', '', 'HP', 'Model1', 0, 0, '2020-04-03 00:00:00', '2020-05-03 00:00:00', '2020-04-15 00:00:00', 'analysis', '2020-04-03 10:44:50', '', NULL, '', NULL, 10, 'BAL/AD/1/RP:30', '2020-04-03 05:14:50', 0),
(36, 2, 'test2', '', 1, '', 2, '', '', 'HP', 'Model2', 0, 0, '2020-04-03 00:00:00', '2020-05-03 00:00:00', '2020-04-07 00:00:00', 'analysis', '2020-04-03 10:55:57', '', NULL, '', NULL, 10, 'BAL/AD/2/RP:31', '2020-04-03 05:25:57', 0),
(37, 2, 'test2', '', 1, '', 3, '', '', 'Dell', 'Model3', 0, 0, '2020-04-03 00:00:00', '2020-05-03 00:00:00', '2020-04-08 00:00:00', 'analysis', '2020-04-03 11:38:23', '', NULL, '', NULL, 10, 'BAL/AD/3/RP:32', '2020-04-03 06:08:23', 0),
(38, 2, 'test2', '', 2, '', 4, '', '', 'Dell', 'Model100', 0, 0, '2020-04-03 00:00:00', '2020-05-03 00:00:00', '2020-04-22 00:00:00', 'analysis', '2020-04-03 11:40:36', '', NULL, '', NULL, 10, 'BAL/AD/4/RP:33', '2020-04-03 06:10:36', 0),
(39, 1, 'BOXID:2025', '', 1, '', 1, '', '', 'HP', 'Model1', 0, 0, '2020-04-04 00:00:00', '2020-04-05 00:00:00', '2020-04-15 00:00:00', 'analysis', '2020-04-04 14:01:50', '', NULL, '', NULL, 10, 'BAL/AD/1/RP:34', '2020-04-04 08:31:50', 0),
(40, 1, 'BOXID:2025', '', 1, '', 1, '', '', 'HP', 'Model1', 0, 0, '2020-04-20 00:00:00', '2020-04-21 00:00:00', '2020-04-21 00:00:00', 'analysis', '2020-04-20 10:55:23', '', NULL, '', NULL, 10, 'BAL/AD/1/RP:35', '2020-04-20 05:25:23', 0),
(41, 1, 'BOXID2025', '', 1, '', 1, '', '', 'HP', 'Model1', 0, 0, '2020-04-24 00:00:00', '2020-04-25 00:00:00', '2020-04-01 00:00:00', 'analysis', '2020-04-24 11:35:07', '', NULL, '', NULL, 10, 'BAL/AD/1/RP:36', '2020-04-24 06:05:07', 0),
(42, 2, 'BOXID2026', '', 4, '', 5, '', '', 'Test Make', 'Test Model', 0, 0, '2020-04-25 00:00:00', '2020-05-25 00:00:00', '2020-04-08 00:00:00', 'analysis', '2020-04-25 12:14:39', '', NULL, '', NULL, 10, 'BAL/AD/5/RP:37', '2020-04-25 06:44:39', 0),
(43, 1, 'BOXID2027', '', 1, '', 1, '', '', 'HP', 'Model1', 0, 0, '2020-04-27 00:00:00', '2020-04-28 00:00:00', '2020-04-15 00:00:00', 'analysis', '2020-04-27 10:53:41', '', NULL, '', NULL, 10, 'BAL/AD/1/RP:38', '2020-04-27 05:23:41', 0),
(44, 2, 'BOXID2035', '', 1, '', 1, '', '', 'HP', 'Model1', 0, 0, '2020-04-27 00:00:00', '2020-05-27 00:00:00', '2020-04-08 00:00:00', 'analysis', '2020-04-27 12:42:48', '', NULL, '', NULL, 10, 'BAL/AD/1/RP:39', '2020-04-27 07:12:48', 0),
(45, 1, 'BOXID2035', '', 2, '', 4, '', '', 'Dell', 'Model100', 1, 2, '2020-04-27 00:00:00', '2020-04-28 00:00:00', NULL, 'analysis', '2020-04-27 16:51:54', '', NULL, '', NULL, 10, 'BAL/AD/4/RP:40', '2020-04-27 11:21:54', 0),
(46, 3, 'BOXID2038', '', 1, '', 1, '', '', 'HP', 'Model1', 1, 2, '2020-04-27 00:00:00', '2020-04-28 00:00:00', NULL, 'analysis', '2020-04-27 18:08:05', '', NULL, '', NULL, 10, 'BAL/AD/1/RP:41', '2020-04-27 12:38:05', 0),
(47, 3, 'BOXID2025', '', 2, '', 4, '', '', 'Dell', 'Model100', 1, 2, '2020-04-27 00:00:00', '2020-04-28 00:00:00', NULL, 'analysis', '2020-04-27 18:10:00', '', NULL, '', NULL, 10, 'BAL/AD/4/RP:42', '2020-04-27 12:40:00', 0),
(48, 2, 'BOXID2035', '', 4, '', 5, '', '', 'Test Make', 'Test Model', 0, 0, '2020-04-27 00:00:00', '2020-05-27 00:00:00', '2020-04-28 00:00:00', 'analysis', '2020-04-27 18:15:15', '', NULL, '', NULL, 10, 'BAL/AD/5/RP:43', '2020-04-27 12:45:15', 0),
(49, 2, 'BOXID-2', '', 1, '', 1, '', '', 'HP', 'Model1', 0, 0, '2020-04-28 00:00:00', '2020-05-28 00:00:00', '2020-04-29 00:00:00', 'analysis', '2020-04-28 15:58:29', '', NULL, '', NULL, 10, 'BAL/AD/1/RP:44', '2020-04-28 10:28:29', 0),
(50, 1, 'BOXID-2', '', 1, '', 1, '', '', 'HP', 'Model1', 1, 2, '2020-04-29 00:00:00', '2020-04-30 00:00:00', NULL, 'analysis', '2020-04-29 12:12:45', '', NULL, '', NULL, 10, 'BAL/AD/1/RP:45', '2020-04-29 06:42:45', 0),
(51, 2, 'BOXID-2', '', 1, '', 1, '', '', 'HP', 'Model1', 0, 0, '2020-04-29 00:00:00', '2020-05-29 00:00:00', '2020-04-15 00:00:00', 'analysis', '2020-04-29 12:14:09', '', NULL, '', NULL, 10, 'BAL/AD/1/RP:46', '2020-04-29 06:44:09', 0),
(52, 2, 'BOXID-2', '', 3, '', 7, '', '', 'test', 'test', 0, 0, '2020-04-30 00:00:00', '2020-05-30 00:00:00', '2020-05-01 00:00:00', 'analysis', '2020-04-30 11:16:36', '', NULL, '', NULL, 10, 'BAL/AD/7/RP:47', '2020-04-30 05:46:36', 0),
(53, 2, 'BOXID-4', '', 1, '', 1, '', '', 'HP', 'Model1', 0, 0, '2020-04-30 00:00:00', '2020-05-30 00:00:00', '2020-04-30 00:00:00', 'analysis', '2020-04-30 12:43:48', '', NULL, '', NULL, 10, 'BAL/AD/1/RP:48', '2020-04-30 07:13:48', 0),
(54, 1, 'BOXID-2', '', 1, '', 1, '', '', 'HP', 'Model1', 1, 2, '2020-04-30 00:00:00', '2020-05-01 00:00:00', NULL, 'analysis', '2020-04-30 14:58:07', '', NULL, '', NULL, 10, 'BAL/AD/1/RP:49', '2020-04-30 09:28:07', 0),
(55, 1, 'BOXID-2', '', 1, '', 2, '', '', 'HP', 'Model2', 1, 2, '2020-04-30 00:00:00', '2020-05-01 00:00:00', NULL, 'analysis', '2020-04-30 15:00:02', '', NULL, '', NULL, 10, 'BAL/AD/2/RP:50', '2020-04-30 09:30:02', 0),
(56, 1, 'BOXID-2', '', 1, '', 1, '', '', 'HP', 'Model1', 1, 2, '2020-05-02 00:00:00', '2020-05-03 00:00:00', NULL, 'analysis', '2020-05-02 10:33:50', 'verify', '2020-05-09 11:21:10', '', NULL, 20, 'BAL/AD/1/RP:51', '2020-05-02 05:03:50', 10),
(57, 1, 'BOXID-2', '', 1, '', 1, '', '', 'HP', 'Model1', 1, 1, '2020-05-02 00:00:00', '2020-05-03 00:00:00', NULL, 'analysis', '2020-05-02 19:14:40', '', NULL, '', NULL, 10, 'BAL/AD/1/RP:52', '2020-05-02 13:44:40', 0),
(62, 1, 'BOXID-2', '', 1, '', 1, '', '', 'HP', 'Model1', 1, 2, '2020-05-04 00:00:00', '2020-05-05 00:00:00', NULL, 'analysis', '2020-05-04 15:16:07', '', NULL, '', NULL, 10, 'BAL/AD/1/RP:53', '2020-05-04 09:46:07', 10),
(63, 2, 'BOXID-2', '', 1, '', 1, '', '', 'HP', 'Model1', 0, 0, '2020-05-04 00:00:00', '2020-06-03 00:00:00', '2020-05-04 00:00:00', 'analysis', '2020-05-04 15:18:52', '', NULL, '', NULL, 10, 'BAL/AD/1/RP:54', '2020-05-04 09:48:52', 0),
(64, 3, 'BOXID-2', '', 2, '', 4, '', '', 'Dell', 'Model100', 1, 2, '2020-05-04 00:00:00', '2020-05-05 00:00:00', NULL, 'analysis', '2020-05-04 15:26:22', '', NULL, '', NULL, 10, 'BAL/AD/4/RP:55', '2020-05-04 09:56:22', 0),
(65, 1, 'BOXID-2', '', 1, '', 3, '', '', 'Dell', 'Model3', 1, 2, '2020-05-04 00:00:00', '2020-05-05 00:00:00', NULL, 'analysis', '2020-05-04 16:49:59', '', NULL, '', NULL, 10, 'BAL/AD/3/RP:56', '2020-05-04 11:19:59', 0),
(66, 2, 'BOXID-2', '', 1, '', 2, '', '', 'HP', 'Model2', 0, 0, '2020-05-04 00:00:00', '2020-06-03 00:00:00', '2020-05-05 00:00:00', 'analysis', '2020-05-04 18:52:55', '', NULL, '', NULL, 10, 'BAL/AD/2/RP:57', '2020-05-04 13:22:55', 0),
(67, 1, 'BOXID-0507', '', 1, '', 1, '', '', 'HP', 'Model1', 1, 2, '2020-05-07 00:00:00', '2020-05-08 00:00:00', NULL, 'analysis', '2020-05-07 15:09:44', '', NULL, '', NULL, 10, 'BAL/AD/1/RP:58', '2020-05-07 09:39:44', 0),
(68, 2, 'BOXID-0507', '', 1, '', 1, '', '', 'HP', 'Model1', 0, 0, '2020-05-07 00:00:00', '2020-06-06 00:00:00', '2020-05-15 00:00:00', 'analysis', '2020-05-07 15:14:40', 'verify', '2020-05-09 11:21:44', 'approver', '2020-05-09 11:47:35', 40, 'BAL/AD/1/RP:59', '2020-05-07 09:44:40', 0),
(69, 2, 'BOXID-2', '', 1, '', 1, '', '', 'HP', 'Model1', 0, 0, '2020-05-11 00:00:00', '2020-06-10 00:00:00', '2020-05-11 00:00:00', 'analysis', '2020-05-11 10:24:34', '', NULL, '', NULL, 10, 'BAL/AD/1/RP:60', '2020-05-11 04:54:34', 0),
(70, 2, 'BOXID-2', '', 3, '', 7, '', '', 'test', 'test', 0, 0, '2020-05-11 00:00:00', '2020-06-10 00:00:00', '2020-05-06 00:00:00', 'analysis', '2020-05-11 10:28:07', '', NULL, '', NULL, 10, 'BAL/AD/7/RP:61', '2020-05-11 04:58:07', 0),
(71, 2, 'BOXID-0507', '', 1, '', 1, '', '', 'HP', 'Model1', 0, 0, '2020-05-14 00:00:00', '2020-06-13 00:00:00', '2020-06-18 00:00:00', 'analysis', '2020-05-14 13:16:53', '', NULL, '', NULL, 10, 'BAL/AD/1/RP:62', '2020-05-14 07:46:53', 0),
(72, 2, 'BOXID-2', '', 1, '', 1, '', '', 'HP', 'Model1', 0, 0, '2020-05-16 00:00:00', '2020-06-15 00:00:00', '2020-05-04 00:00:00', 'analysis', '2020-05-16 00:26:00', '', NULL, '', NULL, 10, 'BAL/AD/1/RP:63', '2020-05-15 18:56:00', 0),
(73, 2, 'BOX-123', '', 1, '', 2, '', '', 'HP', 'Model2', 0, 0, '2020-05-16 00:00:00', '2020-06-15 00:00:00', '2020-06-17 00:00:00', 'analysis', '2020-05-16 13:56:07', '', NULL, '', NULL, 10, 'BAL/AD/2/RP:64', '2020-05-16 08:26:07', 0),
(74, 2, 'BOX-123', '', 3, '', 7, '', '', 'test', 'test', 0, 0, '2020-05-16 00:00:00', '2020-06-15 00:00:00', '2020-05-12 00:00:00', 'analysis', '2020-05-16 14:17:18', '', NULL, '', NULL, 10, 'BAL/AD/7/RP:65', '2020-05-16 08:47:18', 0),
(75, 1, 'BOX-123', '', 1, '', 1, '', '', 'HP', 'Model1', 1, 2, '2020-05-16 00:00:00', '2020-05-17 00:00:00', NULL, 'analysis', '2020-05-16 15:32:27', '', NULL, '', NULL, 10, 'BAL/AD/1/RP:66', '2020-05-16 10:02:27', 0),
(76, 2, 'BOX-123', '', 1, '', 1, '', '', 'HP', 'Model1', 0, 0, '2020-05-19 00:00:00', '2020-06-18 00:00:00', '2020-06-23 00:00:00', 'analysis', '2020-05-19 11:01:49', '', NULL, '', NULL, 10, 'BAL/AD/1/RP:67', '2020-05-19 05:31:49', 10),
(77, 2, 'BOX-123', '', 1, '', 2, '', '', 'HP', 'Model2', 0, 0, '2020-05-19 00:00:00', '2020-06-18 00:00:00', '2020-06-18 00:00:00', 'analysis', '2020-05-19 11:03:10', '', NULL, '', NULL, 10, 'BAL/AD/2/RP:68', '2020-05-19 05:33:10', 0),
(78, 2, 'BOX-123', '', 3, '', 7, '', '', 'test', 'test', 0, 0, '2020-05-19 00:00:00', '2020-06-18 00:00:00', '2020-05-28 00:00:00', 'analysis', '2020-05-19 11:44:54', '', NULL, '', NULL, 10, 'BAL/AD/7/RP:69', '2020-05-19 06:14:54', 0),
(79, 2, 'BOX-123', '', 2, '', 4, '', '', 'Dell', 'Model100', 0, 0, '2020-05-19 00:00:00', '2020-06-18 11:57:00', '2020-06-24 11:57:00', 'analysis', '2020-05-19 11:57:12', '', NULL, '', NULL, 10, 'BAL/AD/4/RP:70', '2020-05-19 06:27:12', 0),
(80, 2, 'BOX-123', '', 1, '', 1, '', '', 'HP', 'Model1', 0, 0, '2020-05-19 00:00:00', '2020-06-18 15:06:00', '2020-06-16 15:06:00', 'analysis', '2020-05-19 15:06:28', 'verify', '2020-05-19 15:10:40', 'approver', '2020-05-19 15:11:52', 30, 'BAL/AD/1/RP:71', '2020-05-19 09:36:28', 0),
(81, 1, 'BOX-123', '', 1, '', 1, '', '', 'HP', 'Model1', 1, 1, '2020-05-20 11:16:00', '2020-05-21 11:16:00', NULL, 'analysis', '2020-05-20 11:19:11', '', NULL, '', NULL, 10, 'BAL/AD/1/RP:72', '2020-05-20 05:49:11', 0),
(82, 2, 'BOX-123', '', 1, '', 1, '', '', 'HP', 'Model1', 0, 0, '2020-05-20 11:46:00', '2020-06-19 11:46:00', '2020-05-12 13:05:00', 'analysis', '2020-05-20 11:47:34', '', NULL, '', NULL, 10, 'BAL/AD/1/RP:73', '2020-05-20 06:17:34', 0),
(83, 2, 'BOX-74', '', 1, '', 1, '', '', 'HP', 'Model1', 0, 0, '2020-05-21 10:43:00', '2020-06-20 10:44:00', '2020-07-15 14:01:00', 'analysis', '2020-05-21 10:45:00', '', NULL, '', NULL, 10, 'BAL/AD/1/RP:74', '2020-05-21 05:15:00', 0),
(84, 2, 'BOX-123', '', 1, '', 1, '', '', 'HP', 'Model1', 0, 0, '2020-05-25 15:10:00', '2020-06-24 15:10:00', '2020-06-15 14:00:00', 'analysis', '2020-05-25 15:11:22', '', NULL, '', NULL, 10, 'BAL/AD/1/RP:75', '2020-05-25 09:41:22', 0),
(85, 2, 'BOX-123', '', 2, '', 4, '', '', 'Dell', 'Model100', 0, 0, '2020-05-25 18:55:00', '2020-06-24 18:55:00', '2020-05-14 14:01:00', 'analysis', '2020-05-25 18:56:18', '', NULL, '', NULL, 10, 'BAL/AD/4/RP:76', '2020-05-25 13:26:18', 0),
(86, 1, 'BOX-123', '', 1, '', 2, '', '', 'HP', 'Model2', 1, 2, '2020-05-26 10:36:00', '2020-05-27 10:37:00', NULL, 'analysis', '2020-05-26 10:37:53', '', NULL, '', NULL, 10, 'BAL/AD/2/RP:77', '2020-05-26 05:07:53', 0),
(87, 2, 'BOX-123', '', 4, '', 5, '', '', 'Test Make', 'Test Model', 0, 0, '2020-05-26 10:40:00', '2020-06-25 10:41:00', '2020-06-26 14:01:00', 'analysis', '2020-05-26 10:42:21', '', NULL, '', NULL, 10, 'BAL/AD/5/RP:78', '2020-05-26 05:12:21', 0),
(88, 2, 'BOX-123', '', 1, '', 1, '', '', 'HP', 'Model1', 0, 0, '2020-05-26 10:46:00', '2020-06-25 10:46:00', '2020-06-11 15:52:00', 'analysis', '2020-05-26 10:47:13', '', NULL, '', NULL, 10, 'BAL/AD/1/RP:79', '2020-05-26 05:17:13', 0),
(89, 3, 'BOX-123', '', 1, '', 11, '', '', '260520', '260520', 1, 1, '2020-05-26 17:26:00', '2020-05-27 17:27:00', NULL, 'analysis', '2020-05-26 17:28:13', 'verify', '2020-05-26 18:22:08', 'approver', '2020-05-26 19:47:10', 30, 'BAL/AD/11/RP:80', '2020-05-26 11:58:13', 0),
(90, 2, 'BOX-123', '', 1, '', 11, '', '', '260520', '260520', 0, 0, '2020-05-26 17:30:00', '2020-06-25 17:30:00', '2020-05-26 01:10:00', 'analysis', '2020-05-26 17:31:08', 'verify', '2020-05-26 18:18:58', '', NULL, 25, 'BAL/AD/11/RP:81', '2020-05-26 12:01:08', 0),
(91, 6, 'BOX-123', '', 1, '', 1, '', '', 'HP', 'Model1', 0, 0, '2020-05-26 17:35:00', '2020-06-25 17:36:00', '2020-05-26 10:10:00', 'analysis', '2020-05-26 17:37:10', 'verify', '2020-05-26 18:59:28', 'approver', '2020-05-26 19:44:44', 40, 'BAL/AD/1/RP:82', '2020-05-26 12:07:10', 0),
(92, 2, 'BOX-12378', '', 1, '', 1, '', '', 'HP', 'Model1', 0, 0, '2020-05-27 17:12:00', '2020-06-26 17:13:00', '2020-05-27 17:13:00', 'analysis', '2020-05-27 17:14:02', '', NULL, '', NULL, 10, 'BAL/AD/1/RP:83', '2020-05-27 11:44:02', 0),
(93, 1, 'test', '', 1, '', 2, '', '', 'HP', 'Model2', 1, 2, '2020-06-01 18:19:00', '2020-06-02 18:19:00', NULL, 'analysis', '2020-06-01 18:19:43', '', NULL, '', NULL, 10, 'BAL/AD/2/RP:84', '2020-06-01 12:49:43', 0),
(94, 1, 'test', '', 2, '', 14, '', '', 'Test MG', 'Test MG', 1, 1, '2020-06-01 18:28:00', '2020-06-02 18:28:00', NULL, 'analysis', '2020-06-01 18:28:44', '', NULL, '', NULL, 10, 'BAL/AD/14/RP:85', '2020-06-01 12:58:44', 0),
(95, 6, 'test', '', 3, '', 7, '', '', 'test', 'test', 0, 0, '2020-06-07 01:41:00', '2020-07-07 01:42:00', '2020-06-24 01:42:00', 'analysis', '2020-06-07 01:42:13', '', NULL, '', NULL, 10, 'BAL/AD/7/RP:86', '2020-06-06 20:12:13', 0),
(96, 1, '12313', '', 2, '', 4, '', '', 'Dell', 'Model100', 1, 1, '2020-06-10 11:12:00', '2020-06-11 11:12:00', NULL, 'analysis', '2020-06-10 11:14:05', '', NULL, '', NULL, 10, 'BAL/AD/4/RP:87', '2020-06-10 05:44:05', 0),
(97, 1, '365', '', 1, '', 1, '', '', 'HP', 'Model1', 1, 1, '2020-06-10 11:24:00', '2020-06-11 11:25:00', NULL, 'analysis', '2020-06-10 11:25:56', '', NULL, '', NULL, 10, 'BAL/AD/1/RP:88', '2020-06-10 05:55:56', 0),
(98, 1, '897', '', 1, '', 2, '', '', 'HP', 'Model2', 1, 1, '2020-06-10 11:26:00', '2020-06-11 11:26:00', NULL, 'analysis', '2020-06-10 11:30:32', '', NULL, '', NULL, 10, 'BAL/AD/2/RP:89', '2020-06-10 06:00:32', 0),
(99, 2, '789', '', 4, '', 5, '', '', 'Test Make', 'Test Model', 0, 0, '2020-06-10 11:33:00', '2020-07-10 11:34:00', '2020-06-10 11:36:00', 'analysis', '2020-06-10 11:36:48', '', NULL, '', NULL, 10, 'BAL/AD/5/RP:90', '2020-06-10 06:06:48', 0),
(100, 6, '.23/\'.34!#', '', 1, '', 2, '', '', 'HP', 'Model2', 0, 0, '2020-06-10 11:37:00', '2020-07-10 11:39:00', '1970-01-01 05:30:00', 'analysis', '2020-06-10 11:40:12', '', NULL, '', NULL, 10, 'BAL/AD/2/RP:91', '2020-06-10 06:10:12', 0),
(101, 6, '465', '', 3, '', 6, '', '', 'Test Make', 'Test Model', 0, 0, '2020-06-10 11:43:00', '2020-07-10 11:43:00', '2020-06-10 11:43:00', 'analysis', '2020-06-10 11:44:16', 'verify', '2020-06-12 10:52:39', '', NULL, 25, 'BAL/AD/6/RP:92', '2020-06-10 06:14:16', 0),
(102, 2, '5465', '', 1, '', 1, '', '', 'HP', 'Model1', 0, 0, '2020-06-10 11:47:00', '2020-07-10 11:47:00', '2020-06-10 11:47:00', 'analysis', '2020-06-10 11:47:57', 'verify', '2020-06-12 10:51:33', 'approver', '2020-06-25 12:56:51', 30, 'BAL/AD/1/RP:93', '2020-06-10 06:17:57', 0),
(103, 2, '125', '', 1, '', 2, '', '', 'HP', 'Model2', 0, 0, '2020-06-12 11:19:00', '2020-07-12 11:19:00', '2020-06-12 11:21:00', 'analysis', '2020-06-12 11:22:41', '', NULL, '', NULL, 10, 'BAL/AD/2/RP:94', '2020-06-12 05:52:41', 0),
(104, 1, '1578', '', 1, '', 1, '', '', 'HP', 'Model1', 2, 1, '2020-06-12 14:05:00', '2020-06-13 14:05:00', NULL, 'analysis', '2020-06-12 14:15:57', '', NULL, '', NULL, 10, 'BAL/AD/1/RP:95', '2020-06-12 08:45:57', 0),
(105, 1, '[]]#@', '', 1, '', 2, '', '', 'HP', 'Model2', 1, 1, '2020-06-12 14:31:00', '2020-06-13 14:31:00', NULL, 'analysis', '2020-06-12 15:03:08', '', NULL, '', NULL, 10, 'BAL/AD/2/RP:96', '2020-06-12 09:33:08', 0),
(106, 1, '4565', '', 1, '', 3, '', '', 'Dell', 'Model3', 1, 1, '2020-06-12 17:27:00', '2020-06-13 17:28:00', NULL, 'analysis', '2020-06-12 17:29:36', '', NULL, '', NULL, 10, 'BAL/AD/3/RP:97', '2020-06-12 11:59:36', 0),
(107, 1, '123456', '', 1, '', 1, '', '', 'HP', 'Model1', 1, 1, '2020-06-15 11:39:00', '2020-06-16 11:40:00', NULL, 'analysis', '2020-06-15 11:41:49', '', NULL, '', NULL, 10, 'BAL/AD/1/RP:98', '2020-06-15 06:11:49', 0),
(108, 1, '456', '', 1, '', 1, '', '', 'HP', 'Model1', 1, 1, '2020-06-16 09:39:00', '2020-06-17 09:39:00', NULL, 'analysis', '2020-06-16 09:42:41', '', NULL, '', NULL, 10, 'BAL/AD/1/RP:99', '2020-06-16 04:12:41', 0),
(109, 1, '456', '', 1, '', 2, '', '', 'HP', 'Model2', 1, 1, '2020-06-16 10:08:00', '2020-06-17 10:09:00', NULL, 'analysis', '2020-06-16 10:14:57', '', NULL, '', NULL, 10, 'BAL/AD/2/RP:100', '2020-06-16 04:44:57', 0),
(110, 1, '12313', '', 1, '', 1, '', '', 'HP', 'Model1', 1, 1, '2020-06-17 10:09:00', '2020-06-18 10:09:00', NULL, 'analysis', '2020-06-17 10:54:26', '', NULL, '', NULL, 10, 'BAL/AD/1/RP:101', '2020-06-17 05:24:26', 10),
(111, 1, '17Jun201152', '', 1, '', 2, '', '', 'HP', 'Model2', 1, 1, '2020-06-17 11:52:00', '2020-06-18 11:52:00', NULL, 'analysis', '2020-06-17 11:52:41', '', NULL, '', NULL, 10, 'BAL/AD/2/RP:102', '2020-06-17 06:22:41', 0),
(112, 1, '17Jun201349', '', 1, '', 3, '', '', 'Dell', 'Model3', 1, 1, '2020-06-17 13:49:00', '2020-06-18 13:49:00', NULL, 'analysis', '2020-06-17 13:49:51', '', NULL, '', NULL, 10, 'BAL/AD/3/RP:103', '2020-06-17 08:19:51', 0),
(113, 1, '.23/\'.34!#', '', 1, '', 1, '', '', 'HP', 'Model1', 1, 1, '2020-06-17 14:23:00', '2020-06-18 14:23:00', NULL, 'analysis', '2020-06-17 14:24:17', '', NULL, '', NULL, 10, 'BAL/AD/1/RP:104', '2020-06-17 08:54:17', 0),
(114, 1, 'dff', '', 2, '', 4, '', '', 'Dell', 'Model100', 1, 1, '2020-06-17 14:24:00', '2020-06-18 14:24:00', NULL, 'analysis', '2020-06-17 14:25:12', '', NULL, '', NULL, 10, 'BAL/AD/4/RP:105', '2020-06-17 08:55:12', 0),
(115, 2, '4646', '', 1, '', 11, '', '', '260520', '260520', 0, 0, '2020-06-17 14:26:00', '2020-07-17 14:26:00', '2020-06-17 14:26:00', 'analysis', '2020-06-17 14:27:49', '', NULL, '', NULL, 10, 'BAL/AD/11/RP:106', '2020-06-17 08:57:49', 0),
(116, 2, '12313', '', 1, '', 1, '', '', 'HP', 'Model1', 0, 0, '2020-06-17 14:51:00', '2020-07-17 14:52:00', '2020-06-30 14:52:00', 'analysis', '2020-06-17 14:52:31', '', NULL, '', NULL, 10, 'BAL/AD/1/RP:107', '2020-06-17 09:22:31', 0),
(117, 2, 'trrg', '', 1, '', 2, '', '', 'HP', 'Model2', 0, 0, '2020-06-17 14:54:00', '2020-07-17 14:55:00', '2020-06-18 14:55:00', 'analysis', '2020-06-17 14:56:15', '', NULL, '', NULL, 10, 'BAL/AD/2/RP:108', '2020-06-17 09:26:15', 0),
(118, 2, 'jh,kh,', '', 2, '', 4, '', '', 'Dell', 'Model100', 0, 0, '2020-06-17 14:58:00', '2020-07-17 14:58:00', '2020-06-17 14:58:00', 'analysis', '2020-06-17 14:58:38', '', NULL, '', NULL, 10, 'BAL/AD/4/RP:109', '2020-06-17 09:28:38', 0),
(119, 1, 'ADD-WD-19', '', 6, '', 15, '', '', 'SARTORUS', 'NSA-225P-100DV', 1, 1, '2020-06-17 16:27:00', '2020-06-18 16:27:00', NULL, 'analysis', '2020-06-17 16:32:28', '', NULL, '', NULL, 10, 'BAL/AD/15/RP:110', '2020-06-17 11:02:28', 0),
(120, 2, 'ADD/WD/002', '', 6, '', 16, '', '', 'METTLER TOLEDO', 'MSA225P-100DU', 0, 0, '2020-06-17 17:12:00', '2020-07-17 17:13:00', '1970-01-01 05:30:00', 'analysis', '2020-06-17 17:13:56', '', NULL, '', NULL, 10, 'BAL/AD/16/RP:111', '2020-06-17 11:43:56', 10),
(121, 2, 'ADD-WD-19', '', 6, '', 16, '', '', 'METTLER TOLEDO', 'MSA225P-100DU', 0, 0, '2020-06-17 17:23:00', '2020-07-17 17:23:00', '2020-08-21 17:23:00', 'analysis', '2020-06-17 17:29:27', '', NULL, '', NULL, 10, 'BAL/AD/16/RP:112', '2020-06-17 11:59:27', 0),
(122, 2, '12313', '', 5, '', 13, '', '', 'test-1251', 'test-1251', 0, 0, '2020-06-17 18:25:00', '2020-07-17 18:25:00', '2020-06-17 18:25:00', 'analysis', '2020-06-17 18:25:53', '', NULL, '', NULL, 10, 'BAL/AD/13/RP:113', '2020-06-17 12:55:53', 0),
(123, 1, '18Jun200926', '', 1, '', 3, '', '', 'Dell', 'Model3', 1, 1, '2020-06-18 09:26:00', '2020-06-19 09:26:00', NULL, 'analysis', '2020-06-18 09:26:47', '', NULL, '', NULL, 10, 'BAL/AD/3/RP:114', '2020-06-18 03:56:47', 0),
(124, 1, '18Jun201408', '', 1, '', 1, '', '', 'HP', 'Model1', 1, 1, '2020-06-18 14:08:00', '2020-06-19 14:08:00', NULL, 'analysis', '2020-06-18 14:09:14', '', NULL, '', NULL, 10, 'BAL/AD/1/RP:115', '2020-06-18 08:39:14', 0),
(125, 1, '18Jun201537', '', 1, '', 2, '', '', 'HP', 'Model2', 1, 1, '2020-06-18 15:37:00', '2020-06-19 15:37:00', NULL, 'analysis', '2020-06-18 15:37:46', '', NULL, '', NULL, 10, 'BAL/AD/2/RP:116', '2020-06-18 10:07:46', 0),
(126, 1, 'ADD/BW/002', '', 6, '', 15, '', '', 'SARTORUS', 'NSA-225P-100DV', 1, 1, '2020-06-19 11:59:00', '2020-06-20 11:59:00', NULL, 'analysis', '2020-06-19 12:03:31', '', NULL, '', NULL, 10, 'BAL/AD/15/RP:117', '2020-06-19 06:33:31', 0),
(127, 2, 'ADD/BW/002', '', 6, '', 16, '', '', 'METTLER TOLEDO', 'MSA225P-100DU', 0, 0, '2020-06-19 12:11:00', '2020-07-19 12:11:00', '2020-07-19 12:12:00', 'analysis', '2020-06-19 12:17:33', '', NULL, '', NULL, 10, 'BAL/AD/16/RP:118', '2020-06-19 06:47:33', 0),
(128, 1, 'ADD/BW/002', '', 6, '', 17, '', '', 'SARTURIUS', 'MSA-275-0000M', 1, 1, '2020-06-19 13:35:00', '2020-06-20 13:35:00', NULL, 'analysis', '2020-06-19 13:41:02', 'verify', '2020-06-19 14:34:34', 'approver', '2020-06-19 14:36:25', 30, 'BAL/AD/17/RP:119', '2020-06-19 08:11:02', 0),
(129, 2, 'ADD/BW/002', '', 6, '', 17, '', '', 'SARTURIUS', 'MSA-275-0000M', 0, 0, '2020-06-19 13:42:00', '2020-07-19 13:42:00', '2020-06-19 13:42:00', 'analysis', '2020-06-19 13:42:47', 'verify', '2020-06-19 15:10:48', 'approver', '2020-06-19 15:35:48', 30, 'BAL/AD/17/RP:120', '2020-06-19 08:12:47', 0),
(130, 2, 'fg', '', 1, '', 2, '', '', 'HP', 'Model2', 0, 0, '2020-06-19 14:04:00', '2020-07-19 14:04:00', '2020-06-19 14:04:00', 'analysis', '2020-06-19 14:04:40', 'verify', '2020-06-19 15:04:11', 'approver', '2020-06-19 15:05:42', 30, 'BAL/AD/2/RP:121', '2020-06-19 08:34:40', 0),
(131, 1, '22Jun200929', '', 1, '', 2, '', '', 'HP', 'Model2', 1, 1, '2020-06-22 09:29:00', '2020-06-23 09:29:00', NULL, 'analysis', '2020-06-22 09:30:15', '', NULL, '', NULL, 10, 'BAL/AD/2/RP:122', '2020-06-22 04:00:15', 0),
(132, 1, 'ADD/BW/002', '', 6, '', 15, '', '', 'SARTORUS', 'NSA-225P-100DV', 1, 1, '2020-06-30 11:58:00', '2020-07-01 11:58:00', NULL, 'analysis', '2020-06-30 11:59:17', 'verify', '2020-06-30 12:10:00', 'approver', '2020-06-30 12:13:26', 30, 'BAL/AD/15/RP:123', '2020-06-30 06:29:17', 0),
(133, 1, 'ADD/BW/002', '', 6, '', 17, '', '', 'SARTURIUS', 'MSA-275-0000M', 1, 1, '2020-06-30 12:03:00', '2020-07-01 12:03:00', NULL, 'analysis', '2020-06-30 12:03:52', 'verify', '2020-06-30 12:09:26', 'approver', '2020-06-30 12:12:36', 30, 'BAL/AD/17/RP:124', '2020-06-30 06:33:52', 0),
(134, 2, 'ADD/BW/002', '', 6, '', 16, '', '', 'METTLER TOLEDO', 'MSA225P-100DU', 0, 0, '2020-06-30 12:04:00', '2020-07-30 12:04:00', '2020-06-30 12:04:00', 'analysis', '2020-06-30 12:05:11', 'verify', '2020-06-30 12:08:53', 'approver', '2020-06-30 12:11:46', 30, 'BAL/AD/16/RP:125', '2020-06-30 06:35:11', 0),
(135, 2, 'ADD/BW/002', '', 6, '', 17, '', '', 'SARTURIUS', 'MSA-275-0000M', 0, 0, '2020-06-30 12:06:00', '2020-07-30 12:06:00', '2020-06-30 12:06:00', 'analysis', '2020-06-30 12:06:52', 'verify', '2020-06-30 12:08:13', 'approver', '2020-06-30 12:10:54', 30, 'BAL/AD/17/RP:126', '2020-06-30 06:36:52', 0);

-- --------------------------------------------------------

--
-- Table structure for table `calibrationcomment`
--

CREATE TABLE `calibrationcomment` (
  `RecId` bigint(20) NOT NULL,
  `LineRecId` bigint(20) NOT NULL,
  `RefRecId` bigint(20) NOT NULL,
  `CalibrationStatus` int(11) NOT NULL,
  `Comments` varchar(500) NOT NULL,
  `Type` int(11) NOT NULL,
  `CreatedBy` varchar(70) NOT NULL,
  `CreatedDate` timestamp NOT NULL DEFAULT current_timestamp()
) ENGINE=InnoDB DEFAULT CHARSET=latin1;

--
-- Dumping data for table `calibrationcomment`
--

INSERT INTO `calibrationcomment` (`RecId`, `LineRecId`, `RefRecId`, `CalibrationStatus`, `Comments`, `Type`, `CreatedBy`, `CreatedDate`) VALUES
(1, 0, 40, 10, 'test', 1, 'analysis', '2020-04-27 10:32:14'),
(2, 0, 40, 10, 'test', 1, 'analysis', '2020-04-27 10:34:49'),
(3, 0, 40, 10, 'testing edit', 1, 'analysis', '2020-04-27 10:35:18'),
(4, 0, 40, 10, 'sfsds', 1, 'analysis', '2020-04-27 12:36:28'),
(5, 0, 40, 10, 'wewq', 1, 'analysis', '2020-04-27 12:36:48'),
(6, 208, 47, 10, 'Line 2 : zscd', 1, 'analysis', '2020-04-27 12:39:21'),
(7, 211, 47, 10, 'Line 5 : sfafsaf', 1, 'analysis', '2020-04-27 12:39:21'),
(8, 214, 48, 10, 'Positive Line 2 : test', 2, 'analysis', '2020-04-27 12:43:30'),
(9, 214, 48, 10, 'Negative Line 2 : test', 2, 'analysis', '2020-04-27 12:43:30'),
(10, 214, 48, 10, 'Line 2 : test', 3, 'analysis', '2020-04-27 12:46:07'),
(11, 215, 48, 10, 'Line 3 : test', 3, 'analysis', '2020-04-27 12:46:07'),
(12, 223, 49, 10, 'Positive Line 2 : testing', 2, 'analysis', '2020-04-28 10:26:59'),
(13, 224, 49, 10, 'Negative Line 3 : test', 2, 'analysis', '2020-04-28 10:26:59'),
(14, 224, 49, 10, 'Negative Line 3 : testtest', 2, 'analysis', '2020-04-28 10:26:59'),
(15, 224, 49, 10, 'Negative Line 3 : testtest', 2, 'analysis', '2020-04-28 10:26:59'),
(16, 223, 49, 10, 'Line 2 : testing', 4, 'analysis', '2020-04-28 13:24:46'),
(17, 224, 49, 10, 'Line 3 : test line 3', 4, 'analysis', '2020-04-28 13:24:46'),
(18, 233, 50, 10, 'Line 2 : check daily base form', 1, 'analysis', '2020-04-29 06:42:09'),
(19, 235, 51, 10, 'Positive Line 1 : test', 2, 'analysis', '2020-04-29 06:43:14'),
(20, 237, 51, 10, 'Negative Line 3 : testing', 2, 'analysis', '2020-04-29 06:43:14'),
(21, 236, 51, 10, 'Line 2 : test', 4, 'analysis', '2020-04-29 06:44:26'),
(22, 245, 52, 10, 'Positive Line 1 : Repeat Test', 2, 'analysis', '2020-04-30 05:44:24'),
(23, 246, 52, 10, 'Line 2 : test', 4, 'analysis', '2020-04-30 05:46:57'),
(26, 250, 53, 10, 'Positive Line 2 : add only 3 line', 2, 'analysis', '2020-04-30 07:12:32'),
(27, 250, 53, 10, 'Negative Line 2 : add only negative 3 line', 2, 'analysis', '2020-04-30 07:12:32'),
(28, 20, 53, 10, 'Line 2 : test', 4, 'analysis', '2020-04-30 07:14:06'),
(29, 18, 53, 10, 'Line 2 : test', 5, 'analysis', '2020-04-30 07:26:20'),
(30, 19, 53, 10, 'Line 3 : test', 5, 'analysis', '2020-04-30 07:26:20'),
(31, 250, 53, 10, 'Line 2 : test line 3', 3, 'analysis', '2020-04-30 07:28:10'),
(32, 259, 54, 10, 'Line 2 : test', 1, 'analysis', '2020-04-30 09:27:36'),
(33, 265, 56, 10, 'Line 2 : test', 1, 'analysis', '2020-05-02 05:02:56'),
(39, 296, 62, 10, 'Line 2 : test', 1, 'analysis', '2020-05-04 09:45:20'),
(40, 299, 63, 10, 'Negative Line 2 : test', 2, 'analysis', '2020-05-04 09:48:17'),
(41, 305, 64, 10, 'Line 2 : test', 1, 'analysis', '2020-05-04 09:54:25'),
(42, 311, 66, 10, 'Positive Line 2 : test', 2, 'analysis', '2020-05-04 13:21:56'),
(43, 312, 66, 10, 'Negative Line 3 : test', 2, 'analysis', '2020-05-04 13:21:56'),
(44, 1, 66, 10, 'Positive Line 1 : testing', 1, 'analysis', '2020-05-07 07:00:21'),
(45, 2, 66, 10, 'Negative Line 2 : dsfsf', 1, 'analysis', '2020-05-07 07:02:10'),
(46, 1, 66, 10, 'Positive Line 1 : test comments', 2, 'analysis', '2020-05-07 07:10:48'),
(47, 258, 54, 10, 'Line 1 : test', 1, 'analysis', '2020-05-07 07:17:55'),
(48, 260, 54, 10, 'Line 3 : test add comment', 1, 'analysis', '2020-05-07 07:20:47'),
(49, 311, 66, 10, 'Positive Line 2 : edit line 2 and add comment', 2, 'analysis', '2020-05-07 07:33:03'),
(50, 314, 66, 10, 'Negative Line 2 : Positive Line 2 : edit line 2 and add comment', 2, 'analysis', '2020-05-07 07:33:42'),
(51, 315, 66, 10, 'Negative Line 3 : test12345', 2, 'analysis', '2020-05-07 07:36:33'),
(52, 313, 66, 10, 'Negative Line 1 : total 7', 2, 'analysis', '2020-05-07 07:37:23'),
(53, 314, 66, 10, 'Negative Line 2 : this is first line', 2, 'analysis', '2020-05-07 07:44:21'),
(54, 0, 66, 10, 'Form : BAL/AD/2/RP:57 Edit By : analysis at 07/05/2020 02:24 PM', 2, 'analysis', '2020-05-07 08:54:05'),
(55, 317, 67, 10, 'Line 2 : test date 07 May 2020', 1, 'analysis', '2020-05-07 09:38:54'),
(56, 317, 67, 10, 'Line 2 : test edit line', 1, 'analysis', '2020-05-07 09:41:31'),
(57, 318, 67, 10, 'Line 3 : test  view comment', 1, 'analysis', '2020-05-07 09:43:06'),
(58, 0, 67, 10, 'test', 1, 'analysis', '2020-05-07 09:43:13'),
(59, 321, 68, 10, 'Positive Line 3 : test', 2, 'analysis', '2020-05-07 09:43:53'),
(60, 321, 68, 10, 'Negative Line 3 : test', 2, 'analysis', '2020-05-07 09:43:53'),
(61, 27, 68, 10, 'Line 2 : test', 5, 'analysis', '2020-05-07 09:45:35'),
(62, 0, 68, 10, 'Form : BAL/AD/1/RP:59 Edit By : analysis at 07/05/2020 03:17 PM', 2, 'analysis', '2020-05-07 09:47:06'),
(63, 322, 68, 10, 'Line 4 : test', 3, 'analysis', '2020-05-07 09:53:55'),
(64, 29, 68, 10, 'Line 2 : testing', 4, 'analysis', '2020-05-07 10:27:09'),
(65, 35, 68, 10, 'Line 2 : testing  12', 4, 'analysis', '2020-05-07 10:28:59'),
(66, 34, 68, 10, 'Line 1 : test', 4, 'analysis', '2020-05-07 11:43:50'),
(67, 36, 68, 10, 'Line 3 : test add comment', 4, 'analysis', '2020-05-07 11:44:14'),
(68, 26, 68, 10, 'Line 1 : test first comment', 5, 'analysis', '2020-05-07 12:57:02'),
(69, 27, 68, 10, 'Line 2 : test 123', 5, 'analysis', '2020-05-07 12:57:42'),
(70, 330, 68, 10, 'Line 2 : test last page', 3, 'analysis', '2020-05-07 13:28:19'),
(71, 0, 68, 10, 'Form : BAL/AD/1/RP:59 Edit By : analysis at 07/05/2020 07:01 PM', 2, 'analysis', '2020-05-07 13:31:40'),
(72, 0, 68, 10, 'Form : BAL/AD/1/RP:59 Edit By : analysis at 09/05/2020 10:27 AM', 2, 'analysis', '2020-05-09 04:57:46'),
(73, 0, 56, 20, 'Form : BAL/AD/1/RP:51 is Verify by verify at 09/05/2020 11:21 AM.', 1, 'verify', '2020-05-09 05:51:10'),
(74, 0, 68, 20, 'Form : BAL/AD/1/RP:59 is Verify by verify at 09/05/2020 11:21 AM.', 2, 'verify', '2020-05-09 05:51:44'),
(75, 0, 68, 30, 'Form : BAL/AD/1/RP:59 is Approve by Approver at 09/05/2020 11:46 AM.', 1, 'approver', '2020-05-09 06:16:33'),
(76, 0, 68, 40, 'Form : BAL/AD/1/RP:59 is Decline (Approver) by Approver at 09/05/2020 11:47 AM.', 2, 'approver', '2020-05-09 06:17:35'),
(77, 0, 57, 10, 'testing', 1, 'analysis', '2020-05-09 06:37:41'),
(78, 0, 57, 10, 'saSDasd', 1, 'analysis', '2020-05-09 06:39:24'),
(79, 0, 57, 10, 'ewfwer', 1, 'analysis', '2020-05-09 06:40:13'),
(80, 0, 57, 10, 'test add comment', 1, 'analysis', '2020-05-09 06:41:09'),
(81, 0, 57, 10, 'xczc', 1, 'analysis', '2020-05-09 06:42:18'),
(82, 0, 68, 40, 'test after submit', 2, 'analysis', '2020-05-09 06:44:55'),
(83, 0, 68, 40, 'testing 1 2 3 4 5', 2, 'analysis', '2020-05-09 06:45:12'),
(84, 0, 68, 40, 'last test', 2, 'analysis', '2020-05-09 07:12:51'),
(85, 335, 69, 10, 'Negative Line 2 : test', 2, 'analysis', '2020-05-11 04:53:49'),
(86, 344, 70, 10, 'Negative Line 1 : gsdfsg', 2, 'analysis', '2020-05-11 04:56:16'),
(87, 33, 70, 10, 'Line 2 : zxczc', 5, 'analysis', '2020-05-11 04:58:40'),
(88, 351, 71, 10, 'Negative Line 2 : test', 2, 'analysis', '2020-05-14 07:46:09'),
(89, 0, 71, 10, 'Form : BAL/AD/1/RP:62 Edit By : analysis at 14/05/2020 02:22 PM', 2, 'analysis', '2020-05-14 08:52:58'),
(90, 57, 72, 10, 'Line 9 : test', 4, 'analysis', '2020-05-15 20:05:41'),
(91, 51, 72, 10, 'Line 3 : test', 4, 'analysis', '2020-05-15 20:06:06'),
(92, 0, 72, 10, 'Form : BAL/AD/1/RP:63 Edit By : analysis at 16/05/2020 01:54 PM', 2, 'analysis', '2020-05-16 08:24:10'),
(93, 368, 73, 10, 'Negative Line 3 : test', 2, 'analysis', '2020-05-16 08:25:01'),
(94, 61, 73, 10, 'Line 3 : test', 4, 'analysis', '2020-05-16 08:35:23'),
(95, 59, 73, 10, 'Line 1 : testing change value', 4, 'analysis', '2020-05-16 08:37:26'),
(96, 60, 73, 10, 'Line 2 : test change val', 4, 'analysis', '2020-05-16 08:37:59'),
(97, 0, 73, 10, 'Form : BAL/AD/2/RP:64 Edit By : analysis at 16/05/2020 02:41 PM', 2, 'analysis', '2020-05-16 09:11:56'),
(98, 0, 71, 10, 'Form : BAL/AD/1/RP:62 Edit By : analysis at 19/05/2020 11:00 AM', 2, 'analysis', '2020-05-19 05:30:22'),
(99, 381, 76, 10, 'Negative Line 2 : test', 2, 'analysis', '2020-05-19 05:30:43'),
(100, 382, 76, 10, 'Positive Line 3 : testing', 2, 'analysis', '2020-05-19 05:30:43'),
(101, 0, 76, 10, 'Form : BAL/AD/1/RP:67 Edit By : analysis at 19/05/2020 11:02 AM', 2, 'analysis', '2020-05-19 05:32:24'),
(102, 0, 80, 20, 'Form : BAL/AD/1/RP:71 is Verify by verify at 19/05/2020 03:10 PM.', 2, 'verify', '2020-05-19 09:40:40'),
(103, 0, 80, 30, 'Form : BAL/AD/1/RP:71 is Approve by Approver at 19/05/2020 03:11 PM.', 2, 'approver', '2020-05-19 09:41:52'),
(104, 434, 81, 10, 'Line 2 : test', 1, 'analysis', '2020-05-20 05:46:44'),
(105, 0, 81, 10, 'test', 1, 'analysis', '2020-05-20 06:10:27'),
(106, 0, 81, 10, 'Form : BAL/AD/1/RP:72 Edit By : analysis at 20/05/2020 11:41 AM and edit Spirit level of Balance Checked: Yes to Yes, Internal Calibration: Fails to Passes', 1, 'analysis', '2020-05-20 06:11:17'),
(107, 0, 81, 10, 'dgsdg', 1, 'analysis', '2020-05-20 06:11:27'),
(108, 438, 82, 10, 'Positive Line 3 : test', 2, 'analysis', '2020-05-20 06:16:39'),
(109, 0, 82, 10, 'Form : BAL/AD/1/RP:73 Edit By : analysis at 20/05/2020 12:18 PM', 2, 'analysis', '2020-05-20 06:48:51'),
(110, 442, 82, 10, 'Negative Line 2 : test', 2, 'analysis', '2020-05-20 06:49:15'),
(111, 0, 82, 10, 'Form : BAL/AD/1/RP:73 Edit By : analysis at 20/05/2020 12:19 PM', 2, 'analysis', '2020-05-20 06:49:28'),
(112, 77, 82, 10, 'Line 8 : test', 4, 'analysis', '2020-05-20 06:49:42'),
(113, 43, 82, 10, 'Line 2 : test', 5, 'analysis', '2020-05-20 06:50:27'),
(114, 0, 82, 10, 'Displayed weight(A): test', 6, 'analysis', '2020-05-20 12:14:02'),
(115, 0, 82, 10, 'Displayed weight(B): testing', 6, 'analysis', '2020-05-20 12:14:02'),
(116, 0, 82, 10, 'Displayed weight(A): test', 6, 'analysis', '2020-05-20 12:28:34'),
(117, 447, 83, 10, 'Negative Line 2 : test', 2, 'analysis', '2020-05-21 05:13:54'),
(118, 0, 83, 10, 'Displayed weight(B): test', 6, 'analysis', '2020-05-21 05:19:15'),
(119, 0, 83, 10, 'Displayed weight(A): test 123', 6, 'analysis', '2020-05-21 05:31:58'),
(120, 45, 83, 10, 'Line 1 : test', 5, 'analysis', '2020-05-21 05:40:52'),
(121, 0, 83, 10, 'Displayed weight(B): test data on b input', 6, 'analysis', '2020-05-21 07:01:17'),
(122, 0, 83, 10, 'Displayed weight(A): test data', 6, 'analysis', '2020-05-21 07:02:52'),
(123, 0, 83, 10, 'Displayed weight(B): testing', 6, 'analysis', '2020-05-21 07:05:46'),
(124, 0, 83, 10, 'Displayed weight(A): Displayed weight of 200 gm weight', 6, 'analysis', '2020-05-21 07:07:51'),
(125, 0, 83, 10, 'Displayed weight(B): test', 6, 'analysis', '2020-05-21 07:11:40'),
(126, 448, 83, 10, 'Line 3 : test', 3, 'analysis', '2020-05-21 08:34:34'),
(127, 0, 83, 10, 'test12345', 2, 'analysis', '2020-05-21 09:12:15'),
(128, 0, 83, 10, 'sczcscsc', 2, 'analysis', '2020-05-21 09:12:22'),
(129, 0, 83, 10, 'sczcscsc', 2, 'analysis', '2020-05-21 09:12:23'),
(130, 0, 77, 10, 'Form : BAL/AD/2/RP:68 Edit By : analysis at 25/05/2020 03:04 PM', 2, 'analysis', '2020-05-25 09:34:20'),
(131, 0, 84, 10, 'testing mg calibration', 4, 'analysis', '2020-05-25 10:59:16'),
(132, 0, 84, 10, 'test mg calibration comments', 4, 'analysis', '2020-05-25 10:59:59'),
(133, 0, 84, 10, 'sdffdfsf ewrf werwr wr rwr we rwrwre', 4, 'analysis', '2020-05-25 11:01:12'),
(134, 100, 84, 10, 'Line 1 : test mg calibration', 4, 'analysis', '2020-05-25 11:09:43'),
(135, 105, 84, 10, 'Line 6 : test', 4, 'analysis', '2020-05-25 13:56:54'),
(136, 464, 86, 10, 'Line 4 : test', 1, 'analysis', '2020-05-26 05:06:50'),
(137, 0, 86, 10, 'test', 1, 'analysis', '2020-05-26 05:10:21'),
(138, 467, 87, 10, 'Positive Line 2 : test', 2, 'analysis', '2020-05-26 05:10:58'),
(139, 467, 87, 10, 'Positive Line 2 : test', 2, 'analysis', '2020-05-26 05:10:58'),
(140, 110, 87, 10, 'Line 1 : test', 4, 'analysis', '2020-05-26 05:12:33'),
(141, 0, 86, 10, 'Form : BAL/AD/2/RP:77 Edit By : analysis at 26/05/2020 10:44 AM and edit Spirit level of Balance Checked: Yes to Yes, Internal Calibration: Fails to Fails', 1, 'analysis', '2020-05-26 05:14:54'),
(142, 0, 87, 10, 'Displayed weight(B): test', 6, 'analysis', '2020-05-26 05:15:25'),
(143, 0, 88, 10, 'test', 4, 'analysis', '2020-05-26 05:18:41'),
(144, 120, 88, 10, 'Line 10 : dsgdgdfsdfs', 4, 'analysis', '2020-05-26 05:19:32'),
(145, 0, 87, 10, 'Form : BAL/AD/5/RP:78 Edit By : analysis at 26/05/2020 10:49 AM', 2, 'analysis', '2020-05-26 05:19:43'),
(146, 0, 89, 10, 'testtttttttttttttttttttttttttttttttttt 26052020', 1, 'analysis', '2020-05-26 11:59:04'),
(147, 475, 89, 10, 'Line 1 : test re scan 26052020', 1, 'analysis', '2020-05-26 11:59:34'),
(148, 0, 89, 10, 'Form : BAL/AD/11/RP:80 Edit By : analysis at 26/05/2020 05:29 PM and edit Spirit level of Balance Checked: Yes to Yes, Internal Calibration: Passes to Passes', 1, 'analysis', '2020-05-26 11:59:37'),
(149, 482, 90, 10, 'Line 4 : test', 3, 'analysis', '2020-05-26 12:05:23'),
(150, 0, 91, 10, 'test', 4, 'analysis', '2020-05-26 12:31:57'),
(151, 0, 91, 10, 'sdsad ddaw', 4, 'analysis', '2020-05-26 12:32:04'),
(152, 122, 91, 10, 'Line 1 : testtt', 4, 'analysis', '2020-05-26 12:40:42'),
(153, 0, 90, 10, 'Form : BAL/AD/11/RP:81 Edit By : analysis at 26/05/2020 06:12 PM', 2, 'analysis', '2020-05-26 12:42:21'),
(154, 0, 90, 10, 'Displayed weight(A): jgbjhh', 6, 'analysis', '2020-05-26 12:43:49'),
(155, 0, 90, 10, 'Form : BAL/AD/11/RP:81 Edit By : analysis at 26/05/2020 06:14 PM', 2, 'analysis', '2020-05-26 12:44:07'),
(156, 478, 89, 10, 'Line 4 : trtyrtyry', 1, 'analysis', '2020-05-26 12:45:14'),
(157, 0, 89, 10, 'Form : BAL/AD/11/RP:80 Edit By : analysis at 26/05/2020 06:15 PM and edit Spirit level of Balance Checked: Yes to Yes, Internal Calibration: Passes to Passes', 1, 'analysis', '2020-05-26 12:45:16'),
(158, 0, 90, 25, 'Form : BAL/AD/11/RP:81 is Decline (Verify) by verify at 26/05/2020 06:18 PM.', 2, 'verify', '2020-05-26 12:48:58'),
(159, 0, 89, 20, 'Form : BAL/AD/11/RP:80 is Verify by verify at 26/05/2020 06:22 PM.', 1, 'verify', '2020-05-26 12:52:08'),
(160, 0, 91, 10, 'test', 4, 'verify', '2020-05-26 13:29:16'),
(161, 0, 91, 20, 'Form : BAL/AD/1/RP:82 is Verify by verify at 26/05/2020 06:59 PM.', 2, 'verify', '2020-05-26 13:29:28'),
(162, 0, 90, 10, 'Form : BAL/AD/11/RP:81 Edit By : analysis at 26/05/2020 07:39 PM', 2, 'analysis', '2020-05-26 14:09:35'),
(163, 121, 90, 10, 'Line 1 : testing after change', 4, 'analysis', '2020-05-26 14:09:54'),
(164, 0, 91, 30, 'Form : BAL/AD/1/RP:82 is Approve by Approver at 26/05/2020 07:43 PM.', 2, 'approver', '2020-05-26 14:13:53'),
(165, 0, 91, 40, 'Form : BAL/AD/1/RP:82 is Decline (Approver) by Approver at 26/05/2020 07:44 PM.', 2, 'approver', '2020-05-26 14:14:44'),
(166, 0, 89, 30, 'Form : BAL/AD/11/RP:80 is Approve by Approver at 26/05/2020 07:47 PM.', 1, 'approver', '2020-05-26 14:17:10'),
(167, 0, 92, 10, 'dfsds', 4, 'analysis', '2020-05-27 11:46:21'),
(168, 0, 42, 10, 'Form : BAL/AD/5/RP:37 Edit By : analysis at 07/06/2020 01:12 AM', 2, 'analysis', '2020-06-06 19:42:18'),
(169, 0, 95, 10, 'yguu', 4, 'analysis', '2020-06-10 06:16:22'),
(170, 0, 102, 20, 'Form : BAL/AD/1/RP:93 is Verify by verify at 12/06/2020 10:51 AM.', 2, 'verify', '2020-06-12 05:21:33'),
(171, 0, 11, 20, 'Form : 1582870515 is Verify by verify at 12/06/2020 10:52 AM.', 1, 'verify', '2020-06-12 05:22:14'),
(172, 0, 101, 25, 'Form : BAL/AD/6/RP:92 is Decline (Verify) by verify at 12/06/2020 10:52 AM.', 2, 'verify', '2020-06-12 05:22:40'),
(173, 0, 12, 20, 'Form : 1582870515 is Verify by verify at 12/06/2020 10:53 AM.', 1, 'verify', '2020-06-12 05:23:05'),
(174, 0, 16, 20, 'Form : 1583154364 is Verify by verify at 12/06/2020 10:53 AM.', 1, 'verify', '2020-06-12 05:23:24'),
(175, 0, 17, 20, 'Form : 1583154988 is Verify by verify at 12/06/2020 10:54 AM.', 1, 'verify', '2020-06-12 05:24:10'),
(176, 0, 20, 20, 'Form : 1584600891 is Verify by verify at 12/06/2020 10:54 AM.', 1, 'verify', '2020-06-12 05:24:25'),
(177, 0, 21, 20, 'Form : 1584601254 is Verify by verify at 12/06/2020 11:04 AM.', 1, 'verify', '2020-06-12 05:34:07'),
(178, 525, 104, 10, 'Line 1 : dfdfdf', 1, 'analysis', '2020-06-12 08:35:33'),
(179, 528, 105, 10, 'Line 1 : sdfjskdlsk', 1, 'analysis', '2020-06-12 09:01:42'),
(180, 0, 105, 10, 'Form : BAL/AD/2/RP:96 Edit By : analysis at 12/06/2020 03:10 PM and edit Spirit level of Balance Checked: Yes to Yes, Internal Calibration: Fails to Fails', 1, 'analysis', '2020-06-12 09:40:37'),
(181, 0, 105, 10, 'Form : BAL/AD/2/RP:96 Edit By : analysis at 12/06/2020 03:10 PM and edit Spirit level of Balance Checked: Yes to Yes, Internal Calibration: Fails to Passes', 1, 'analysis', '2020-06-12 09:40:56'),
(182, 533, 106, 10, 'Line 1 : asdasda', 1, 'analysis', '2020-06-12 11:57:09'),
(183, 0, 72, 10, 'kfldf', 4, 'analysis', '2020-06-15 03:57:20'),
(184, 535, 107, 10, 'Line 1 : comment', 1, 'analysis', '2020-06-15 06:09:04'),
(185, 538, 108, 10, 'Line 1 : Login', 1, 'analysis', '2020-06-16 04:09:05'),
(186, 542, 111, 10, 'Line 1 : This is Test Comment', 1, 'analysis', '2020-06-17 06:22:16'),
(187, 543, 112, 10, 'Line 1 : This is Test Comment', 1, 'analysis', '2020-06-17 08:19:18'),
(188, 547, 114, 10, 'Line 1 : assdsd', 1, 'analysis', '2020-06-17 08:54:29'),
(189, 553, 115, 10, 'Negative Line 1 : dfgdgf', 2, 'analysis', '2020-06-17 08:56:09'),
(190, 556, 115, 10, 'Positive Line 4 : dfdsf', 2, 'analysis', '2020-06-17 08:56:09'),
(191, 580, 119, 10, 'Line 1 : fueesa', 1, 'analysis', '2020-06-17 10:57:01'),
(192, 59, 121, 10, 'Line 4 : hgh', 5, 'analysis', '2020-06-17 12:07:51'),
(193, 59, 121, 10, 'Line 4 : sdsd', 5, 'analysis', '2020-06-17 12:07:51'),
(194, 0, 110, 10, 'no other reading', 1, 'analysis', '2020-06-18 03:38:37'),
(195, 601, 123, 10, 'Line 1 : This is Test Comment', 1, 'analysis', '2020-06-18 03:56:14'),
(196, 602, 124, 10, 'Line 1 : This is Test Comment', 1, 'analysis', '2020-06-18 08:38:42'),
(197, 603, 125, 10, 'Line 1 : This is Test Comment', 1, 'analysis', '2020-06-18 10:07:11'),
(198, 613, 127, 10, 'Positive Line 4 : sd', 2, 'analysis', '2020-06-19 06:41:42'),
(199, 621, 128, 10, 'Line 2 : asd', 1, 'analysis', '2020-06-19 08:05:32'),
(200, 0, 22, 25, 'Form : BAL/AD/1/RP:22 is Decline (Verify) by verify at 19/06/2020 02:33 PM.', 1, 'verify', '2020-06-19 09:03:30'),
(201, 0, 26, 25, 'Form : BAL/AD/1/RP:23 is Decline (Verify) by verify at 19/06/2020 02:33 PM.', 1, 'verify', '2020-06-19 09:03:51'),
(202, 0, 128, 20, 'Form : BAL/AD/17/RP:119 is Verify by verify at 19/06/2020 02:34 PM.', 1, 'verify', '2020-06-19 09:04:34'),
(203, 0, 128, 30, 'Form : BAL/AD/17/RP:119 is Approve by Approver at 19/06/2020 02:36 PM.', 1, 'approver', '2020-06-19 09:06:25'),
(204, 0, 6, 40, 'Form : 1582790083 is Decline (Approver) by Approver at 19/06/2020 02:38 PM.', 1, 'approver', '2020-06-19 09:08:31'),
(205, 0, 6, 30, 'Form : 1582790083 is Approve by Approver at 19/06/2020 02:39 PM.', 1, 'approver', '2020-06-19 09:09:21'),
(206, 0, 28, 20, 'Form : 1584601254 is Verify by verify at 19/06/2020 02:41 PM.', 1, 'verify', '2020-06-19 09:11:00'),
(207, 0, 130, 20, 'Form : BAL/AD/2/RP:121 is Verify by verify at 19/06/2020 03:04 PM.', 2, 'verify', '2020-06-19 09:34:11'),
(208, 0, 130, 30, 'Form : BAL/AD/2/RP:121 is Approve by Approver at 19/06/2020 03:05 PM.', 2, 'approver', '2020-06-19 09:35:43'),
(209, 0, 129, 20, 'Form : BAL/AD/17/RP:120 is Verify by verify at 19/06/2020 03:10 PM.', 2, 'verify', '2020-06-19 09:40:49'),
(210, 0, 29, 25, 'Form : BAL/AD/2/RP:25 is Decline (Verify) by verify at 19/06/2020 03:11 PM.', 1, 'verify', '2020-06-19 09:41:32'),
(211, 0, 30, 25, 'Form : BAL/AD/1/RP:26 is Decline (Verify) by verify at 19/06/2020 03:12 PM.', 1, 'verify', '2020-06-19 09:42:13'),
(212, 0, 123, 10, 'sdfs', 1, 'analysis', '2020-06-19 09:43:32'),
(213, 0, 124, 10, 'xcxvx', 1, 'analysis', '2020-06-19 09:43:53'),
(214, 0, 129, 30, 'Form : BAL/AD/17/RP:120 is Approve by Approver at 19/06/2020 03:35 PM.', 2, 'approver', '2020-06-19 10:05:49'),
(215, 636, 131, 10, 'Line 1 : This is Test Comment', 1, 'analysis', '2020-06-22 03:59:37'),
(216, 0, 102, 30, 'Form : BAL/AD/1/RP:93 is Approve by Approver at 25/06/2020 12:56 PM.', 2, 'approver', '2020-06-25 07:26:51'),
(217, 637, 132, 10, 'Line 1 : sdfsd', 1, 'analysis', '2020-06-30 06:28:17'),
(218, 0, 135, 20, 'Form : BAL/AD/17/RP:126 is Verify by verify at 30/06/2020 12:08 PM.', 2, 'verify', '2020-06-30 06:38:13'),
(219, 0, 134, 20, 'Form : BAL/AD/16/RP:125 is Verify by verify at 30/06/2020 12:08 PM.', 2, 'verify', '2020-06-30 06:38:53'),
(220, 0, 133, 20, 'Form : BAL/AD/17/RP:124 is Verify by verify at 30/06/2020 12:09 PM.', 1, 'verify', '2020-06-30 06:39:26'),
(221, 0, 132, 20, 'Form : BAL/AD/15/RP:123 is Verify by verify at 30/06/2020 12:10 PM.', 1, 'verify', '2020-06-30 06:40:00'),
(222, 0, 135, 30, 'Form : BAL/AD/17/RP:126 is Approve by Approver at 30/06/2020 12:10 PM.', 2, 'approver', '2020-06-30 06:40:54'),
(223, 0, 134, 30, 'Form : BAL/AD/16/RP:125 is Approve by Approver at 30/06/2020 12:11 PM.', 2, 'approver', '2020-06-30 06:41:46'),
(224, 0, 133, 30, 'Form : BAL/AD/17/RP:124 is Approve by Approver at 30/06/2020 12:12 PM.', 1, 'approver', '2020-06-30 06:42:36'),
(225, 0, 132, 30, 'Form : BAL/AD/15/RP:123 is Approve by Approver at 30/06/2020 12:13 PM.', 1, 'approver', '2020-06-30 06:43:26');

-- --------------------------------------------------------

--
-- Table structure for table `calibrationform`
--

CREATE TABLE `calibrationform` (
  `RecId` bigint(20) NOT NULL,
  `Name` varchar(250) NOT NULL,
  `CType` bigint(20) NOT NULL,
  `IsActive` int(11) NOT NULL,
  `CreatedBy` varchar(70) NOT NULL,
  `CreatedDate` timestamp NOT NULL DEFAULT current_timestamp()
) ENGINE=InnoDB DEFAULT CHARSET=latin1;

--
-- Dumping data for table `calibrationform`
--

INSERT INTO `calibrationform` (`RecId`, `Name`, `CType`, `IsActive`, `CreatedBy`, `CreatedDate`) VALUES
(1, 'Calibration Form(Daily)', 1, 1, 'admin', '2020-02-20 12:23:55'),
(2, 'Calibration Form(Monthly)', 2, 1, 'admin', '2020-02-20 12:23:55'),
(3, 'Calibration_2', 1, 1, 'tesla', '2020-03-03 06:35:38'),
(6, 'Calibration_1', 2, 1, 'tesla', '2020-03-03 06:47:56');

-- --------------------------------------------------------

--
-- Table structure for table `calibrationformtype`
--

CREATE TABLE `calibrationformtype` (
  `RecId` bigint(20) NOT NULL,
  `Name` varchar(250) NOT NULL,
  `DayAdd` int(11) NOT NULL,
  `IsActive` int(11) NOT NULL,
  `CreatedBy` varchar(70) NOT NULL,
  `CreatedDate` timestamp NOT NULL DEFAULT current_timestamp()
) ENGINE=InnoDB DEFAULT CHARSET=latin1;

--
-- Dumping data for table `calibrationformtype`
--

INSERT INTO `calibrationformtype` (`RecId`, `Name`, `DayAdd`, `IsActive`, `CreatedBy`, `CreatedDate`) VALUES
(1, 'Daily', 1, 1, 'admin', '2020-02-20 12:21:56'),
(2, 'Monthly', 30, 1, 'admin', '2020-02-20 12:21:56'),
(3, 'Weekly', 10, 1, 'tesla', '2020-03-03 05:36:51');

-- --------------------------------------------------------

--
-- Table structure for table `calibrationline`
--

CREATE TABLE `calibrationline` (
  `RecId` bigint(20) NOT NULL,
  `RefRecId` bigint(20) NOT NULL,
  `LineId` bigint(20) NOT NULL,
  `Type` int(11) NOT NULL,
  `StWeight` decimal(28,5) NOT NULL,
  `CertWeight` decimal(28,5) NOT NULL,
  `DispWeight` decimal(28,5) NOT NULL,
  `DiffWeight` decimal(28,5) NOT NULL,
  `AccpWeight` decimal(28,5) NOT NULL,
  `Result` int(11) NOT NULL,
  `Tfile` varchar(250) NOT NULL,
  `Ifile` varchar(250) NOT NULL,
  `CreatedBy` varchar(70) NOT NULL,
  `CreatedDate` timestamp NOT NULL DEFAULT current_timestamp()
) ENGINE=InnoDB DEFAULT CHARSET=latin1;

--
-- Dumping data for table `calibrationline`
--

INSERT INTO `calibrationline` (`RecId`, `RefRecId`, `LineId`, `Type`, `StWeight`, `CertWeight`, `DispWeight`, `DiffWeight`, `AccpWeight`, `Result`, `Tfile`, `Ifile`, `CreatedBy`, `CreatedDate`) VALUES
(1, 1, 1, 0, '0.02000', '0.02000', '4.79130', '-4.77130', '0.00002', 2, '637139226052210585.txt', '637139226052210585.bmp', 'analysis', '2020-02-26 11:57:30'),
(2, 1, 2, 0, '0.05000', '0.05000', '4.79130', '-4.74130', '0.00005', 2, '637139226052210585.txt', '637139226052210585.bmp', 'analysis', '2020-02-26 11:57:30'),
(3, 1, 3, 0, '0.01000', '0.01000', '2.79170', '-2.78170', '0.00010', 2, '637139226648446407.txt', '637139226648446407.bmp', 'analysis', '2020-02-26 11:57:30'),
(4, 1, 4, 0, '100.00000', '100.00000', '2.79170', '97.20830', '0.10000', 2, '637139226648446407.txt', '637139226648446407.bmp', 'analysis', '2020-02-26 11:57:30'),
(5, 1, 5, 0, '200.00000', '200.00000', '2.79170', '197.20830', '0.20000', 2, '637139226648446407.txt', '637139226648446407.bmp', 'analysis', '2020-02-26 11:57:30'),
(6, 2, 1, 0, '0.02000', '0.02000', '2.79170', '-2.77170', '0.00002', 2, '637139226648446407.txt', '637139226648446407.bmp', 'analysis', '2020-02-26 12:16:08'),
(7, 2, 2, 0, '0.05000', '0.05000', '2.79170', '-2.74170', '0.00005', 2, '637139226648446407.txt', '637139226648446407.bmp', 'analysis', '2020-02-26 12:16:08'),
(8, 2, 3, 0, '0.01000', '0.01000', '2.79170', '-2.78170', '0.00010', 2, '637139226648446407.txt', '637139226648446407.bmp', 'analysis', '2020-02-26 12:16:08'),
(9, 2, 4, 0, '100.00000', '100.00000', '2.79170', '97.20830', '0.10000', 2, '637139226648446407.txt', '637139226648446407.bmp', 'analysis', '2020-02-26 12:16:08'),
(10, 2, 5, 0, '200.00000', '200.00000', '2.79170', '197.20830', '0.20000', 2, '637139226648446407.txt', '637139226648446407.bmp', 'analysis', '2020-02-26 12:16:08'),
(11, 3, 1, 0, '0.02000', '0.02000', '2.79170', '-2.77170', '0.00002', 2, '637139226648446407.txt', '637139226648446407.bmp', 'analysis', '2020-02-27 05:37:33'),
(12, 3, 2, 0, '0.05000', '0.05000', '2.79170', '-2.74170', '0.00005', 2, '637139226648446407.txt', '637139226648446407.bmp', 'analysis', '2020-02-27 05:37:33'),
(13, 3, 3, 0, '0.01000', '0.01000', '2.79170', '-2.78170', '0.00010', 2, '637139226648446407.txt', '637139226648446407.bmp', 'analysis', '2020-02-27 05:37:33'),
(14, 3, 4, 0, '100.00000', '100.00000', '2.79170', '97.20830', '0.10000', 2, '637139226648446407.txt', '637139226648446407.bmp', 'analysis', '2020-02-27 05:37:33'),
(15, 3, 5, 0, '200.00000', '200.00000', '2.79170', '197.20830', '0.20000', 2, '637139226648446407.txt', '637139226648446407.bmp', 'analysis', '2020-02-27 05:37:33'),
(16, 4, 1, 0, '0.02000', '0.02000', '2.79150', '-2.77150', '0.00002', 2, '637139226052210585.txt', '637139226052210585.bmp', 'analysis', '2020-02-27 05:39:57'),
(17, 4, 2, 0, '0.05000', '0.05000', '2.79170', '-2.74170', '0.00005', 2, '637139226648446407.txt', '637139226648446407.bmp', 'analysis', '2020-02-27 05:39:57'),
(18, 4, 3, 0, '0.01000', '0.01000', '2.79170', '-2.78170', '0.00010', 2, '637139226648446407.txt', '637139226648446407.bmp', 'analysis', '2020-02-27 05:39:57'),
(19, 4, 4, 0, '100.00000', '100.00000', '2.79150', '97.20850', '0.10000', 2, '637139226052210585.txt', '637139226052210585.bmp', 'analysis', '2020-02-27 05:39:57'),
(20, 4, 5, 0, '200.00000', '200.00000', '2.79170', '197.20830', '0.20000', 2, '637139226648446407.txt', '637139226648446407.bmp', 'analysis', '2020-02-27 05:39:57'),
(21, 5, 1, 0, '0.02000', '0.02000', '2.79150', '-2.77150', '0.00002', 2, '637139226052210585.txt', '637139226052210585.bmp', 'analysis', '2020-02-27 07:54:33'),
(22, 5, 2, 0, '0.05000', '0.05000', '2.79170', '-2.74170', '0.00005', 2, '637139226648446407.txt', '637139226648446407.bmp', 'analysis', '2020-02-27 07:54:33'),
(23, 5, 3, 0, '0.01000', '0.01000', '2.79150', '-2.78150', '0.00010', 2, '637139226052210585.txt', '637139226052210585.bmp', 'analysis', '2020-02-27 07:54:33'),
(24, 6, 3, 0, '0.01000', '0.01000', '2.79170', '-2.78170', '0.00010', 2, '637139226648446407.txt', '637139226648446407.bmp', 'analysis', '2020-02-27 08:40:16'),
(25, 7, 2, 0, '0.05000', '2.79130', '2.79130', '-0.00002', '0.00005', 1, '637139226052210585.txt', '637139226052210585.bmp', 'analysis', '2020-02-27 11:37:39'),
(26, 8, 2, 0, '0.05000', '0.05000', '2.79170', '-2.74170', '0.00005', 2, '637139226648446407.txt', '637139226648446407.bmp', 'analysis', '2020-02-27 11:40:22'),
(27, 9, 2, 0, '0.05000', '0.05000', '2.79170', '-2.74170', '0.00005', 2, '637139226648446407.txt', '637139226648446407.bmp', 'analysis', '2020-02-27 11:47:26'),
(28, 10, 1, 0, '0.02000', '0.02000', '2.79170', '-2.77170', '0.00002', 2, '637139226648446407.txt', '637139226648446407.bmp', 'analysis', '2020-02-28 06:16:56'),
(29, 10, 2, 0, '0.05000', '0.05000', '2.79170', '-2.74170', '0.00005', 2, '637139226648446407.txt', '637139226648446407.bmp', 'analysis', '2020-02-28 06:16:56'),
(30, 10, 3, 0, '0.01000', '0.01000', '2.79170', '-2.78170', '0.00010', 2, '637139226648446407.txt', '637139226648446407.bmp', 'analysis', '2020-02-28 06:16:56'),
(31, 10, 4, 0, '100.00000', '100.00000', '2.79170', '97.20830', '0.10000', 2, '637139226648446407.txt', '637139226648446407.bmp', 'analysis', '2020-02-28 06:16:56'),
(32, 11, 1, 0, '0.02000', '0.02000', '2.79170', '-2.77170', '0.00002', 2, '637139226648446407.txt', '637139226648446407.bmp', 'analysis', '2020-02-28 06:18:22'),
(33, 11, 2, 0, '0.05000', '0.05000', '2.79170', '-2.74170', '0.00005', 2, '637139226648446407.txt', '637139226648446407.bmp', 'analysis', '2020-02-28 06:18:22'),
(34, 11, 3, 0, '0.01000', '0.01000', '2.79170', '-2.78170', '0.00010', 2, '637139226648446407.txt', '637139226648446407.bmp', 'analysis', '2020-02-28 06:18:22'),
(35, 11, 4, 0, '100.00000', '100.00000', '2.79170', '97.20830', '0.10000', 2, '637139226648446407.txt', '637139226648446407.bmp', 'analysis', '2020-02-28 06:18:22'),
(36, 12, 1, 0, '0.02000', '0.02000', '2.79170', '-2.77170', '0.00002', 2, '637139226648446407.txt', '637139226648446407.bmp', 'analysis', '2020-02-28 06:19:59'),
(37, 12, 2, 0, '0.05000', '0.05000', '2.79170', '-2.74170', '0.00005', 2, '637139226648446407.txt', '637139226648446407.bmp', 'analysis', '2020-02-28 06:19:59'),
(38, 12, 3, 0, '0.01000', '0.01000', '2.79170', '-2.78170', '0.00010', 2, '637139226648446407.txt', '637139226648446407.bmp', 'analysis', '2020-02-28 06:19:59'),
(39, 12, 4, 0, '100.00000', '100.00000', '2.79170', '97.20830', '0.10000', 2, '637139226648446407.txt', '637139226648446407.bmp', 'analysis', '2020-02-28 06:19:59'),
(40, 13, 1, 0, '0.02000', '0.02000', '2.79170', '-2.77170', '0.00002', 2, '637139226648446407.txt', '637139226648446407.bmp', 'analysis', '2020-02-28 06:21:01'),
(41, 14, 1, 0, '0.02000', '0.02000', '2.79150', '-2.77150', '0.00002', 2, '637139226052210585.txt', '637139226052210585.bmp', 'analysis', '2020-02-28 06:50:24'),
(42, 14, 2, 0, '0.05000', '0.05000', '2.79150', '-2.74150', '0.00005', 2, '637139226052210585.txt', '637139226052210585.bmp', 'analysis', '2020-02-28 06:50:24'),
(43, 14, 3, 0, '0.01000', '0.01000', '2.79150', '-2.78150', '0.00010', 2, '637139226052210585.txt', '637139226052210585.bmp', 'analysis', '2020-02-28 06:50:24'),
(44, 14, 4, 0, '100.00000', '100.00000', '2.79170', '97.20830', '0.10000', 2, '637139226648446407.txt', '637139226648446407.bmp', 'analysis', '2020-02-28 06:50:24'),
(45, 14, 5, 0, '200.00000', '200.00000', '2.79170', '197.20830', '0.20000', 2, '637139226648446407.txt', '637139226648446407.bmp', 'analysis', '2020-02-28 06:50:24'),
(46, 15, 1, 0, '0.02000', '0.02000', '2.79130', '-2.77130', '0.00002', 2, '637139226052210585.txt', '637139226052210585.bmp', 'analysis', '2020-03-02 08:18:14'),
(47, 15, 2, 0, '0.05000', '0.05000', '2.79130', '-2.74130', '0.00005', 2, '637139226052210585.txt', '637139226052210585.bmp', 'analysis', '2020-03-02 08:18:14'),
(48, 16, 1, 0, '0.02000', '0.02000', '2.79130', '-2.77130', '0.00002', 2, '637139226052210585.txt', '637139226052210585.bmp', 'newton', '2020-03-02 13:06:19'),
(49, 16, 2, 0, '0.05000', '0.05000', '2.79130', '-2.74130', '0.00005', 2, '637139226052210585.txt', '637139226052210585.bmp', 'newton', '2020-03-02 13:06:19'),
(50, 16, 3, 0, '0.01000', '0.01000', '2.79130', '-2.78130', '0.00010', 2, '637139226052210585.txt', '637139226052210585.bmp', 'newton', '2020-03-02 13:06:19'),
(51, 17, 1, 0, '0.02000', '0.02000', '2.79130', '-2.77130', '0.00002', 2, '637139226052210585.txt', '637139226052210585.bmp', 'newton', '2020-03-02 13:17:04'),
(52, 17, 2, 0, '0.05000', '0.05000', '2.79130', '-2.74130', '0.00005', 2, '637139226052210585.txt', '637139226052210585.bmp', 'newton', '2020-03-02 13:17:04'),
(53, 17, 3, 0, '0.01000', '0.01000', '2.79130', '-2.78130', '0.00010', 2, '637139226052210585.txt', '637139226052210585.bmp', 'newton', '2020-03-02 13:17:04'),
(54, 17, 4, 0, '100.00000', '100.00000', '2.79130', '97.20870', '0.10000', 2, '637139226052210585.txt', '637139226052210585.bmp', 'newton', '2020-03-02 13:17:04'),
(55, 17, 5, 0, '200.00000', '200.00000', '2.79130', '197.20870', '0.20000', 2, '637139226052210585.txt', '637139226052210585.bmp', 'newton', '2020-03-02 13:17:04'),
(56, 18, 1, 0, '0.02000', '0.02000', '2.79270', '-2.77270', '0.00002', 2, '637139226648446407.txt', '637139226648446407.bmp', 'newton', '2020-03-18 09:56:02'),
(57, 18, 2, 0, '0.05000', '0.05000', '2.79270', '-2.74270', '0.00005', 2, '637139226648446407.txt', '637139226648446407.bmp', 'newton', '2020-03-18 09:56:02'),
(58, 18, 3, 0, '0.01000', '0.01000', '2.79270', '-2.78270', '0.00010', 2, '637139226648446407.txt', '637139226648446407.bmp', 'newton', '2020-03-18 09:56:02'),
(59, 18, 4, 0, '100.00000', '100.00000', '2.79270', '97.20730', '0.10000', 2, '637139226648446407.txt', '637139226648446407.bmp', 'newton', '2020-03-18 09:56:02'),
(60, 18, 5, 0, '200.00000', '200.00000', '2.79270', '197.20730', '0.20000', 2, '637139226648446407.txt', '637139226648446407.bmp', 'newton', '2020-03-18 09:56:02'),
(61, 19, 1, 0, '0.02000', '0.02000', '2.79270', '-2.77270', '0.00002', 2, '637139226648446407.txt', '637139226648446407.bmp', 'analysis', '2020-03-18 12:42:34'),
(62, 19, 2, 0, '0.05000', '0.05000', '2.79270', '-2.74270', '0.00005', 2, '637139226648446407.txt', '637139226648446407.bmp', 'analysis', '2020-03-18 12:42:34'),
(63, 20, 1, 0, '0.02000', '0.02000', '2.79270', '-2.77270', '0.00002', 2, '637139226648446407.txt', '637139226648446407.bmp', 'analysis', '2020-03-19 06:55:14'),
(64, 20, 2, 0, '0.05000', '0.05000', '2.79270', '-2.74270', '0.00005', 2, '637139226648446407.txt', '637139226648446407.bmp', 'analysis', '2020-03-19 06:55:14'),
(65, 20, 3, 0, '0.01000', '0.01000', '2.79270', '-2.78270', '0.00010', 2, '637139226648446407.txt', '637139226648446407.bmp', 'analysis', '2020-03-19 06:55:14'),
(66, 21, 1, 0, '0.02000', '0.02000', '2.79270', '-2.77270', '0.00002', 2, '637139226648446407.txt', '637139226648446407.bmp', 'analysis', '2020-03-19 07:01:12'),
(67, 21, 2, 0, '0.05000', '0.05000', '2.79270', '-2.74270', '0.00005', 2, '637139226648446407.txt', '637139226648446407.bmp', 'analysis', '2020-03-19 07:01:12'),
(68, 21, 3, 0, '0.01000', '0.01000', '2.79270', '-2.78270', '0.00010', 2, '637139226648446407.txt', '637139226648446407.bmp', 'analysis', '2020-03-19 07:01:12'),
(69, 21, 4, 0, '100.00000', '100.00000', '2.79270', '97.20730', '0.10000', 2, '637139226648446407.txt', '637139226648446407.bmp', 'analysis', '2020-03-19 07:01:12'),
(70, 22, 1, 0, '0.02000', '0.02000', '2.79270', '-2.77270', '0.00002', 2, '637139226648446407.txt', '637139226648446407.bmp', 'analysis', '2020-03-19 12:28:42'),
(71, 22, 2, 0, '0.05000', '0.05000', '2.79270', '-2.74270', '0.00005', 2, '637139226648446407.txt', '637139226648446407.bmp', 'analysis', '2020-03-19 12:28:42'),
(72, 23, 1, 0, '0.02000', '0.02000', '2.79270', '-2.77270', '0.00002', 2, '637139226648446407.txt', '637139226648446407.bmp', 'analysis', '2020-03-20 08:58:20'),
(73, 23, 2, 0, '0.05000', '0.05000', '2.79270', '-2.74270', '0.00005', 2, '637139226648446407.txt', '637139226648446407.bmp', 'analysis', '2020-03-20 08:58:20'),
(74, 23, 3, 0, '0.01000', '0.01000', '2.79270', '-2.78270', '0.00010', 2, '637139226648446407.txt', '637139226648446407.bmp', 'analysis', '2020-03-20 08:58:20'),
(75, 24, 1, 0, '0.02000', '0.02000', '2.79270', '-2.77270', '0.00002', 2, '637139226648446407.txt', '637139226648446407.bmp', 'analysis', '2020-03-20 09:35:45'),
(76, 24, 2, 0, '0.05000', '0.05000', '2.79270', '-2.74270', '0.00005', 2, '637139226648446407.txt', '637139226648446407.bmp', 'analysis', '2020-03-20 09:35:45'),
(77, 24, 3, 0, '0.01000', '0.01000', '2.79270', '-2.78270', '0.00010', 2, '637139226648446407.txt', '637139226648446407.bmp', 'analysis', '2020-03-20 09:35:45'),
(78, 24, 4, 0, '100.00000', '100.00000', '2.79270', '97.20730', '0.10000', 2, '637139226648446407.txt', '637139226648446407.bmp', 'analysis', '2020-03-20 09:35:45'),
(79, 25, 1, 0, '0.02000', '0.02000', '2.79270', '-2.77270', '0.00002', 2, '637139226648446407.txt', '637139226648446407.bmp', 'analysis', '2020-03-20 10:09:50'),
(80, 25, 2, 0, '0.05000', '0.05000', '2.79270', '-2.74270', '0.00005', 2, '637139226648446407.txt', '637139226648446407.bmp', 'analysis', '2020-03-20 10:09:50'),
(81, 25, 3, 0, '0.01000', '0.01000', '2.79270', '-2.78270', '0.00010', 2, '637139226648446407.txt', '637139226648446407.bmp', 'analysis', '2020-03-20 10:09:50'),
(82, 25, 4, 0, '100.00000', '100.00000', '2.79270', '97.20730', '0.10000', 2, '637139226648446407.txt', '637139226648446407.bmp', 'analysis', '2020-03-20 10:09:50'),
(83, 25, 5, 0, '200.00000', '200.00000', '2.79270', '197.20730', '0.20000', 2, '637139226648446407.txt', '637139226648446407.bmp', 'analysis', '2020-03-20 10:09:50'),
(84, 26, 1, 0, '0.02000', '0.02000', '2.79270', '-2.77270', '0.00002', 2, '637139226648446407.txt', '637139226648446407.bmp', 'analysis', '2020-03-20 10:16:00'),
(85, 26, 2, 0, '0.05000', '0.05000', '2.79270', '-2.74270', '0.00005', 2, '637139226648446407.txt', '637139226648446407.bmp', 'analysis', '2020-03-20 10:16:00'),
(86, 26, 3, 0, '0.01000', '0.01000', '2.79270', '-2.78270', '0.00010', 2, '637139226648446407.txt', '637139226648446407.bmp', 'analysis', '2020-03-20 10:16:00'),
(87, 26, 4, 0, '100.00000', '100.00000', '2.79270', '97.20730', '0.10000', 2, '637139226648446407.txt', '637139226648446407.bmp', 'analysis', '2020-03-20 10:16:00'),
(88, 26, 5, 0, '200.00000', '200.00000', '2.79270', '197.20730', '0.20000', 2, '637139226648446407.txt', '637139226648446407.bmp', 'analysis', '2020-03-20 10:16:00'),
(89, 26, 1, 0, '151.00000', '0.20000', '2.79270', '-2.59270', '0.00051', 2, '637139226648446407.txt', '637139226648446407.bmp', 'analysis', '2020-03-20 10:16:00'),
(90, 29, 1, 0, '0.02000', '0.02000', '2.79270', '-2.77270', '0.00002', 2, '637139226648446407.txt', '637139226648446407.bmp', 'analysis', '2020-03-21 05:53:56'),
(91, 29, 2, 0, '0.05000', '0.05000', '2.79270', '-2.74270', '0.00005', 2, '637139226648446407.txt', '637139226648446407.bmp', 'analysis', '2020-03-21 05:53:56'),
(92, 29, 3, 0, '0.01000', '0.01000', '2.79270', '-2.78270', '0.00010', 2, '637139226648446407.txt', '637139226648446407.bmp', 'analysis', '2020-03-21 05:53:56'),
(93, 29, 4, 0, '100.00000', '100.00000', '2.79270', '97.20730', '0.10000', 2, '637139226648446407.txt', '637139226648446407.bmp', 'analysis', '2020-03-21 05:53:56'),
(94, 29, 5, 0, '200.00000', '200.00000', '2.79270', '197.20730', '0.20000', 2, '637139226648446407.txt', '637139226648446407.bmp', 'analysis', '2020-03-21 05:53:56'),
(95, 30, 1, 0, '0.02000', '0.02000', '2.79270', '-2.77270', '0.00002', 2, '637139226648446407.txt', '637139226648446407.bmp', 'analysis', '2020-04-01 09:54:32'),
(96, 30, 2, 0, '0.05000', '0.05000', '2.79270', '-2.74270', '0.00005', 2, '637139226648446407.txt', '637139226648446407.bmp', 'analysis', '2020-04-01 09:54:32'),
(97, 30, 3, 0, '0.01000', '0.01000', '2.79270', '-2.78270', '0.00010', 2, '637139226648446407.txt', '637139226648446407.bmp', 'analysis', '2020-04-01 09:54:32'),
(98, 30, 4, 0, '100.00000', '100.00000', '2.79270', '97.20730', '0.10000', 2, '637139226648446407.txt', '637139226648446407.bmp', 'analysis', '2020-04-01 09:54:32'),
(99, 30, 5, 0, '200.00000', '200.00000', '2.79270', '197.20730', '0.20000', 2, '637139226648446407.txt', '637139226648446407.bmp', 'analysis', '2020-04-01 09:54:32'),
(100, 30, 1, 0, '151.00000', '0.20000', '2.79270', '-2.77270', '0.00051', 2, '637139226648446407.txt', '637139226648446407.bmp', 'analysis', '2020-04-01 09:54:32'),
(101, 31, 1, 1, '0.02000', '0.02000', '2.79270', '-2.77270', '0.00002', 2, '637139226648446407.txt', '637139226648446407.bmp', 'analysis', '2020-04-01 13:11:29'),
(102, 31, 2, 1, '0.05000', '0.05000', '2.79270', '-2.74270', '0.00005', 2, '637139226648446407.txt', '637139226648446407.bmp', 'analysis', '2020-04-01 13:11:29'),
(103, 31, 3, 1, '0.01000', '0.01000', '2.79270', '-2.78270', '0.00010', 2, '637139226648446407.txt', '637139226648446407.bmp', 'analysis', '2020-04-01 13:11:29'),
(104, 33, 1, 0, '0.02000', '0.02000', '2.79270', '-2.77270', '0.00002', 2, '637139226648446407.txt', '637139226648446407.bmp', 'analysis', '2020-04-01 13:20:04'),
(105, 33, 2, 0, '0.05000', '0.05000', '2.79270', '-2.74270', '0.00005', 2, '637139226648446407.txt', '637139226648446407.bmp', 'analysis', '2020-04-01 13:20:04'),
(106, 33, 3, 0, '0.01000', '0.01000', '2.79270', '-2.78270', '0.00010', 2, '637139226648446407.txt', '637139226648446407.bmp', 'analysis', '2020-04-01 13:20:04'),
(107, 33, 4, 0, '100.00000', '100.00000', '2.79270', '97.20730', '0.10000', 2, '637139226648446407.txt', '637139226648446407.bmp', 'analysis', '2020-04-01 13:20:04'),
(108, 33, 5, 0, '200.00000', '200.00000', '2.79270', '197.20730', '0.20000', 2, '637139226648446407.txt', '637139226648446407.bmp', 'analysis', '2020-04-01 13:20:04'),
(109, 33, 1, 1, '0.02000', '0.02000', '2.79270', '-2.77270', '0.00002', 2, '637139226648446407.txt', '637139226648446407.bmp', 'analysis', '2020-04-01 13:20:04'),
(110, 33, 2, 1, '0.05000', '0.05000', '2.79270', '-2.74270', '0.00005', 2, '637139226648446407.txt', '637139226648446407.bmp', 'analysis', '2020-04-01 13:20:04'),
(111, 33, 3, 1, '0.01000', '0.01000', '2.79270', '-2.78270', '0.00010', 2, '637139226648446407.txt', '637139226648446407.bmp', 'analysis', '2020-04-01 13:20:04'),
(112, 33, 4, 1, '100.00000', '100.00000', '2.79270', '97.20730', '0.10000', 2, '637139226648446407.txt', '637139226648446407.bmp', 'analysis', '2020-04-01 13:20:04'),
(113, 33, 5, 1, '200.00000', '200.00000', '2.79270', '197.20730', '0.20000', 2, '637139226648446407.txt', '637139226648446407.bmp', 'analysis', '2020-04-01 13:20:04'),
(114, 34, 1, 0, '0.02000', '0.02000', '2.79270', '-2.77270', '0.00002', 2, '637139226648446407.txt', '637139226648446407.bmp', 'analysis', '2020-04-01 13:23:41'),
(115, 34, 2, 0, '0.05000', '0.05000', '2.79270', '-2.74270', '0.00005', 2, '637139226648446407.txt', '637139226648446407.bmp', 'analysis', '2020-04-01 13:23:41'),
(116, 34, 2, 0, '200.00000', '0.20000', '2.79270', '-2.59270', '0.00051', 2, '637139226648446407.txt', '637139226648446407.bmp', 'analysis', '2020-04-01 13:23:41'),
(117, 34, 1, 1, '0.02000', '0.02000', '2.79270', '-2.77270', '0.00002', 2, '637139226648446407.txt', '637139226648446407.bmp', 'analysis', '2020-04-01 13:23:41'),
(118, 34, 3, 1, '0.01000', '0.01000', '2.79270', '-2.78270', '0.00010', 0, '637139226648446407.txt', '637139226648446407.bmp', 'analysis', '2020-04-01 13:23:41'),
(119, 34, 1, 1, '200.00000', '0.20000', '2.79270', '-2.59270', '0.00051', 0, '637139226648446407.txt', '637139226648446407.bmp', 'analysis', '2020-04-01 13:23:41'),
(120, 34, 1, 1, '151.00000', '0.15100', '2.79270', '-2.64170', '0.00051', 0, '637139226648446407.txt', '637139226648446407.bmp', 'analysis', '2020-04-01 13:23:41'),
(121, 35, 1, 0, '0.02000', '0.02000', '2.79270', '-2.77270', '0.00002', 2, '637139226648446407.txt', '637139226648446407.bmp', 'analysis', '2020-04-03 05:14:50'),
(122, 35, 3, 0, '0.01000', '0.01000', '2.79270', '-2.78270', '0.00010', 2, '637139226648446407.txt', '637139226648446407.bmp', 'analysis', '2020-04-03 05:14:50'),
(123, 35, 5, 0, '200.00000', '200.00000', '2.79270', '197.20730', '0.20000', 2, '637139226648446407.txt', '637139226648446407.bmp', 'analysis', '2020-04-03 05:14:50'),
(124, 35, 1, 1, '0.02000', '0.02000', '2.79270', '-2.77270', '0.00002', 2, '637139226648446407.txt', '637139226648446407.bmp', 'analysis', '2020-04-03 05:14:50'),
(125, 35, 3, 1, '0.01000', '0.01000', '2.79270', '-2.78270', '0.00010', 2, '637139226648446407.txt', '637139226648446407.bmp', 'analysis', '2020-04-03 05:14:50'),
(126, 36, 1, 0, '0.02000', '0.02000', '2.79270', '-2.77270', '0.00002', 2, '637139226648446407.txt', '637139226648446407.bmp', 'analysis', '2020-04-03 05:25:57'),
(127, 36, 2, 0, '0.05000', '0.05000', '2.79270', '-2.74270', '0.00005', 2, '637139226648446407.txt', '637139226648446407.bmp', 'analysis', '2020-04-03 05:25:57'),
(128, 36, 4, 0, '100.00000', '100.00000', '2.79270', '97.20730', '0.10000', 2, '637139226648446407.txt', '637139226648446407.bmp', 'analysis', '2020-04-03 05:25:57'),
(129, 36, 1, 1, '0.02000', '0.02000', '2.79270', '-2.77270', '0.00002', 2, '637139226648446407.txt', '637139226648446407.bmp', 'analysis', '2020-04-03 05:25:57'),
(130, 36, 3, 1, '0.01000', '0.01000', '2.79270', '-2.78270', '0.00010', 0, '637139226648446407.txt', '637139226648446407.bmp', 'analysis', '2020-04-03 05:25:57'),
(131, 36, 5, 1, '200.00000', '200.00000', '2.79270', '197.20730', '0.20000', 0, '637139226648446407.txt', '637139226648446407.bmp', 'analysis', '2020-04-03 05:25:57'),
(132, 37, 1, 0, '0.02000', '0.02000', '2.79270', '-2.77270', '0.00002', 2, '637139226648446407.txt', '637139226648446407.bmp', 'analysis', '2020-04-03 06:08:23'),
(133, 37, 2, 0, '0.05000', '0.05000', '2.79270', '-2.74270', '0.00005', 2, '637139226648446407.txt', '637139226648446407.bmp', 'analysis', '2020-04-03 06:08:23'),
(134, 37, 3, 0, '0.01000', '0.01000', '2.79270', '-2.78270', '0.00010', 2, '637139226648446407.txt', '637139226648446407.bmp', 'analysis', '2020-04-03 06:08:23'),
(135, 37, 4, 0, '100.00000', '100.00000', '2.79270', '97.20730', '0.10000', 2, '637139226648446407.txt', '637139226648446407.bmp', 'analysis', '2020-04-03 06:08:23'),
(136, 37, 5, 0, '200.00000', '200.00000', '2.79270', '197.20730', '0.20000', 2, '637139226648446407.txt', '637139226648446407.bmp', 'analysis', '2020-04-03 06:08:23'),
(137, 37, 1, 1, '0.02000', '0.02000', '2.79270', '-2.77270', '0.00002', 2, '637139226648446407.txt', '637139226648446407.bmp', 'analysis', '2020-04-03 06:08:23'),
(138, 37, 2, 1, '0.05000', '0.05000', '2.79270', '-2.74270', '0.00005', 2, '637139226648446407.txt', '637139226648446407.bmp', 'analysis', '2020-04-03 06:08:23'),
(139, 37, 3, 1, '0.01000', '0.01000', '2.79270', '-2.78270', '0.00010', 2, '637139226648446407.txt', '637139226648446407.bmp', 'analysis', '2020-04-03 06:08:23'),
(140, 37, 4, 1, '100.00000', '100.00000', '2.79270', '97.20730', '0.10000', 2, '637139226648446407.txt', '637139226648446407.bmp', 'analysis', '2020-04-03 06:08:23'),
(141, 38, 1, 0, '0.02000', '0.02000', '2.79270', '-2.77270', '0.00002', 2, '637139226648446407.txt', '637139226648446407.bmp', 'analysis', '2020-04-03 06:10:36'),
(142, 38, 2, 0, '0.05000', '0.05000', '2.79270', '-2.74270', '0.00005', 2, '637139226648446407.txt', '637139226648446407.bmp', 'analysis', '2020-04-03 06:10:36'),
(143, 38, 3, 0, '0.01000', '0.01000', '2.79270', '-2.78270', '0.00010', 2, '637139226648446407.txt', '637139226648446407.bmp', 'analysis', '2020-04-03 06:10:36'),
(144, 38, 2, 1, '0.05000', '0.05000', '2.79270', '-2.74270', '0.00005', 2, '637139226648446407.txt', '637139226648446407.bmp', 'analysis', '2020-04-03 06:10:36'),
(145, 38, 5, 1, '200.00000', '200.00000', '2.79270', '197.20730', '0.20000', 0, '637139226648446407.txt', '637139226648446407.bmp', 'analysis', '2020-04-03 06:10:36'),
(146, 38, 2, 1, '200.00000', '0.20000', '2.79270', '-2.74270', '0.00051', 0, '637139226648446407.txt', '637139226648446407.bmp', 'analysis', '2020-04-03 06:10:36'),
(147, 38, 2, 1, '152.00000', '0.15200', '2.79270', '-2.74270', '0.00052', 0, '637139226648446407.txt', '637139226648446407.bmp', 'analysis', '2020-04-03 06:10:36'),
(148, 39, 1, 0, '20.00000', '20.00067', '2.79270', '17.20797', '0.02000', 2, '637139226648446407.txt', '637139226648446407.bmp', 'analysis', '2020-04-04 08:31:50'),
(149, 39, 2, 0, '10.00000', '10.00060', '2.79270', '7.20790', '0.01000', 2, '637139226648446407.txt', '637139226648446407.bmp', 'analysis', '2020-04-04 08:31:50'),
(150, 39, 3, 0, '50.00000', '50.00009', '2.79270', '47.20739', '0.05000', 2, '637139226648446407.txt', '637139226648446407.bmp', 'analysis', '2020-04-04 08:31:50'),
(151, 39, 1, 1, '20.00000', '20.00067', '2.79270', '17.20797', '0.02000', 2, '637139226648446407.txt', '637139226648446407.bmp', 'analysis', '2020-04-04 08:31:50'),
(152, 39, 2, 1, '10.00000', '10.00060', '2.79270', '7.20790', '0.01000', 2, '637139226648446407.txt', '637139226648446407.bmp', 'analysis', '2020-04-04 08:31:50'),
(153, 39, 3, 1, '50.00000', '50.00009', '2.79270', '47.20739', '0.05000', 2, '637139226648446407.txt', '637139226648446407.bmp', 'analysis', '2020-04-04 08:31:50'),
(154, 40, 1, 0, '20.00000', '20.00067', '2.79270', '17.20797', '0.02000', 2, '637139226648446407.txt', '637139226648446407.bmp', 'analysis', '2020-04-20 05:25:23'),
(155, 40, 2, 0, '10.00000', '10.00060', '2.79270', '7.20790', '0.01000', 2, '637139226648446407.txt', '637139226648446407.bmp', 'analysis', '2020-04-20 05:25:23'),
(156, 40, 3, 0, '50.00000', '50.00009', '2.79270', '47.20739', '0.05000', 2, '637139226648446407.txt', '637139226648446407.bmp', 'analysis', '2020-04-20 05:25:23'),
(157, 40, 1, 1, '20.00000', '20.00067', '2.79270', '17.20797', '0.02000', 2, '637139226648446407.txt', '637139226648446407.bmp', 'analysis', '2020-04-20 05:25:23'),
(158, 40, 2, 1, '10.00000', '10.00060', '2.79270', '7.20790', '0.01000', 2, '637139226648446407.txt', '637139226648446407.bmp', 'analysis', '2020-04-20 05:25:23'),
(159, 40, 3, 1, '50.00000', '50.00009', '2.79270', '47.20739', '0.05000', 2, '637139226648446407.txt', '637139226648446407.bmp', 'analysis', '2020-04-20 05:25:23'),
(160, 41, 1, 0, '20.00000', '20.00067', '2.79270', '17.20797', '0.02000', 2, '637139226648446407.txt', '637139226648446407.bmp', 'analysis', '2020-04-24 06:05:07'),
(161, 41, 2, 0, '10.00000', '10.00060', '2.79270', '7.20790', '0.01000', 2, '637139226648446407.txt', '637139226648446407.bmp', 'analysis', '2020-04-24 06:05:07'),
(162, 41, 3, 0, '50.00000', '50.00009', '2.79270', '47.20739', '0.05000', 2, '637139226648446407.txt', '637139226648446407.bmp', 'analysis', '2020-04-24 06:05:07'),
(163, 41, 1, 1, '20.00000', '20.00067', '2.79270', '17.20797', '0.02000', 2, '637139226648446407.txt', '637139226648446407.bmp', 'analysis', '2020-04-24 06:05:07'),
(164, 41, 2, 1, '10.00000', '10.00060', '2.79270', '7.20790', '0.01000', 2, '637139226648446407.txt', '637139226648446407.bmp', 'analysis', '2020-04-24 06:05:07'),
(165, 41, 3, 1, '50.00000', '50.00009', '2.79270', '47.20739', '0.05000', 2, '637139226648446407.txt', '637139226648446407.bmp', 'analysis', '2020-04-24 06:05:07'),
(166, 42, 1, 0, '0.20000', '0.02000', '2.79270', '-2.77270', '0.00020', 2, '637139226648446407.txt', '637139226648446407.bmp', 'analysis', '2020-04-25 06:44:39'),
(167, 42, 2, 0, '0.30000', '0.03000', '2.79270', '-2.76270', '0.00030', 2, '637139226648446407.txt', '637139226648446407.bmp', 'analysis', '2020-04-25 06:44:39'),
(168, 42, 3, 0, '0.50000', '0.05000', '2.79270', '-2.74270', '0.00050', 2, '637139226648446407.txt', '637139226648446407.bmp', 'analysis', '2020-04-25 06:44:39'),
(169, 42, 1, 1, '0.20000', '0.02000', '2.79270', '-2.77270', '0.00020', 2, '637139226648446407.txt', '637139226648446407.bmp', 'analysis', '2020-04-25 06:44:39'),
(170, 42, 2, 1, '0.30000', '0.03000', '2.79270', '-2.76270', '0.00030', 2, '637139226648446407.txt', '637139226648446407.bmp', 'analysis', '2020-04-25 06:44:39'),
(171, 42, 3, 1, '0.50000', '0.05000', '2.79270', '-2.74270', '0.00050', 2, '637139226648446407.txt', '637139226648446407.bmp', 'analysis', '2020-04-25 06:44:39'),
(172, 43, 1, 0, '20.00000', '20.00067', '2.79270', '17.20797', '0.02000', 2, '637139226648446407.txt', '637139226648446407.bmp', 'analysis', '2020-04-27 05:23:41'),
(173, 43, 2, 0, '10.00000', '10.00060', '2.79270', '7.20790', '0.01000', 2, '637139226648446407.txt', '637139226648446407.bmp', 'analysis', '2020-04-27 05:23:41'),
(174, 43, 3, 0, '50.00000', '50.00009', '2.79270', '47.20739', '0.05000', 2, '637139226648446407.txt', '637139226648446407.bmp', 'analysis', '2020-04-27 05:23:41'),
(175, 43, 1, 1, '20.00000', '20.00067', '2.79270', '17.20797', '0.02000', 2, '637139226648446407.txt', '637139226648446407.bmp', 'analysis', '2020-04-27 05:23:41'),
(176, 43, 2, 1, '10.00000', '10.00060', '2.79270', '7.20790', '0.01000', 2, '637139226648446407.txt', '637139226648446407.bmp', 'analysis', '2020-04-27 05:23:41'),
(177, 43, 3, 1, '50.00000', '50.00009', '2.79270', '47.20739', '0.05000', 2, '637139226648446407.txt', '637139226648446407.bmp', 'analysis', '2020-04-27 05:23:41'),
(178, 44, 1, 0, '0.02000', '0.02000', '2.79270', '-2.77270', '0.00002', 2, '637139226648446407.txt', '637139226648446407.bmp', 'analysis', '2020-04-27 07:12:48'),
(179, 44, 2, 0, '0.20000', '0.02000', '2.79270', '-2.77270', '0.00020', 2, '637139226648446407.txt', '637139226648446407.bmp', 'analysis', '2020-04-27 07:12:48'),
(180, 44, 3, 0, '0.05000', '0.05000', '2.79270', '-2.74270', '0.00005', 2, '637139226648446407.txt', '637139226648446407.bmp', 'analysis', '2020-04-27 07:12:48'),
(181, 44, 4, 0, '100.00000', '100.00000', '2.79270', '97.20730', '0.10000', 2, '637139226648446407.txt', '637139226648446407.bmp', 'analysis', '2020-04-27 07:12:48'),
(182, 44, 5, 0, '200.00000', '200.00000', '2.79270', '197.20730', '0.20000', 2, '637139226648446407.txt', '637139226648446407.bmp', 'analysis', '2020-04-27 07:12:48'),
(183, 44, 1, 1, '0.02000', '0.02000', '2.79270', '-2.77270', '0.00002', 2, '637139226648446407.txt', '637139226648446407.bmp', 'analysis', '2020-04-27 07:12:49'),
(184, 44, 2, 1, '0.20000', '0.02000', '2.79270', '-2.77270', '0.00020', 2, '637139226648446407.txt', '637139226648446407.bmp', 'analysis', '2020-04-27 07:12:49'),
(185, 44, 3, 1, '0.05000', '0.05000', '2.79270', '-2.74270', '0.00005', 2, '637139226648446407.txt', '637139226648446407.bmp', 'analysis', '2020-04-27 07:12:49'),
(186, 44, 4, 1, '100.00000', '100.00000', '2.79270', '97.20730', '0.10000', 2, '637139226648446407.txt', '637139226648446407.bmp', 'analysis', '2020-04-27 07:12:49'),
(187, 44, 5, 1, '200.00000', '200.00000', '2.79270', '197.20730', '0.20000', 2, '637139226648446407.txt', '637139226648446407.bmp', 'analysis', '2020-04-27 07:12:49'),
(188, 44, 1, 3, '0.02000', '0.02000', '2.79270', '-2.77270', '0.00002', 2, '637139226648446407.txt', '637139226648446407.bmp', 'analysis', '2020-04-27 10:18:11'),
(189, 44, 2, 3, '0.20000', '0.02000', '2.79270', '-2.77270', '0.00020', 2, '637139226648446407.txt', '637139226648446407.bmp', 'analysis', '2020-04-27 10:18:11'),
(190, 44, 3, 3, '0.05000', '0.05000', '2.79270', '-2.74270', '0.00005', 2, '637139226648446407.txt', '637139226648446407.bmp', 'analysis', '2020-04-27 10:18:11'),
(191, 44, 4, 3, '100.00000', '100.00000', '2.79270', '97.20730', '0.10000', 2, '637139226648446407.txt', '637139226648446407.bmp', 'analysis', '2020-04-27 10:18:11'),
(192, 44, 5, 3, '200.00000', '200.00000', '2.79270', '197.20730', '0.20000', 2, '637139226648446407.txt', '637139226648446407.bmp', 'analysis', '2020-04-27 10:18:11'),
(193, 44, 1, 3, '0.02000', '0.02000', '2.79270', '-2.77270', '0.00002', 2, '637139226648446407.txt', '637139226648446407.bmp', 'analysis', '2020-04-27 10:18:57'),
(194, 44, 2, 3, '0.20000', '0.02000', '2.79270', '-2.77270', '0.00020', 2, '637139226648446407.txt', '637139226648446407.bmp', 'analysis', '2020-04-27 10:18:57'),
(195, 44, 3, 3, '0.05000', '0.05000', '2.79270', '-2.74270', '0.00005', 2, '637139226648446407.txt', '637139226648446407.bmp', 'analysis', '2020-04-27 10:18:57'),
(196, 44, 4, 3, '100.00000', '100.00000', '2.79270', '97.20730', '0.10000', 2, '637139226648446407.txt', '637139226648446407.bmp', 'analysis', '2020-04-27 10:18:57'),
(197, 44, 5, 3, '200.00000', '200.00000', '2.79270', '197.20730', '0.20000', 2, '637139226648446407.txt', '637139226648446407.bmp', 'analysis', '2020-04-27 10:18:57'),
(198, 44, 1, 3, '0.02000', '0.02000', '2.79270', '-2.77270', '0.00002', 2, '637139226648446407.txt', '637139226648446407.bmp', 'analysis', '2020-04-27 10:19:42'),
(199, 44, 2, 3, '0.20000', '0.02000', '2.79270', '-2.77270', '0.00020', 2, '637139226648446407.txt', '637139226648446407.bmp', 'analysis', '2020-04-27 10:19:42'),
(200, 44, 3, 3, '0.05000', '0.05000', '2.79270', '-2.74270', '0.00005', 2, '637139226648446407.txt', '637139226648446407.bmp', 'analysis', '2020-04-27 10:19:42'),
(201, 44, 4, 3, '100.00000', '100.00000', '2.79270', '97.20730', '0.10000', 2, '637139226648446407.txt', '637139226648446407.bmp', 'analysis', '2020-04-27 10:19:42'),
(202, 44, 5, 3, '200.00000', '200.00000', '2.79270', '197.20730', '0.20000', 2, '637139226648446407.txt', '637139226648446407.bmp', 'analysis', '2020-04-27 10:19:42'),
(203, 45, 2, 0, '0.05000', '0.05000', '2.79270', '-2.74270', '0.00005', 2, '637139226648446407.txt', '637139226648446407.bmp', 'analysis', '2020-04-27 11:21:54'),
(204, 46, 1, 0, '20.00000', '20.00067', '2.79270', '17.20797', '0.02000', 2, '637139226648446407.txt', '637139226648446407.bmp', 'analysis', '2020-04-27 12:38:05'),
(205, 46, 2, 0, '10.00000', '10.00060', '2.79270', '7.20790', '0.01000', 2, '637139226648446407.txt', '637139226648446407.bmp', 'analysis', '2020-04-27 12:38:05'),
(206, 46, 3, 0, '50.00000', '50.00009', '2.79270', '47.20739', '0.05000', 2, '637139226648446407.txt', '637139226648446407.bmp', 'analysis', '2020-04-27 12:38:05'),
(207, 47, 1, 0, '0.02000', '0.02000', '2.79270', '-2.77270', '0.00002', 2, '637139226648446407.txt', '637139226648446407.bmp', 'analysis', '2020-04-27 12:40:00'),
(208, 47, 2, 0, '0.05000', '0.05000', '2.79270', '-2.74270', '0.00005', 2, '637139226648446407.txt', '637139226648446407.bmp', 'analysis', '2020-04-27 12:40:00'),
(209, 47, 3, 0, '0.01000', '0.01000', '2.79270', '-2.78270', '0.00010', 2, '637139226648446407.txt', '637139226648446407.bmp', 'analysis', '2020-04-27 12:40:00'),
(210, 47, 4, 0, '100.00000', '100.00000', '2.79270', '97.20730', '0.10000', 2, '637139226648446407.txt', '637139226648446407.bmp', 'analysis', '2020-04-27 12:40:00'),
(211, 47, 5, 0, '200.00000', '200.00000', '2.79270', '197.20730', '0.20000', 2, '637139226648446407.txt', '637139226648446407.bmp', 'analysis', '2020-04-27 12:40:00'),
(212, 47, 1, 0, '151.00000', '0.15600', '2.79270', '-2.63670', '0.00051', 2, '637139226648446407.txt', '637139226648446407.bmp', 'analysis', '2020-04-27 12:40:00'),
(213, 48, 1, 0, '0.20000', '0.02000', '2.79270', '-2.77270', '0.00020', 2, '637139226648446407.txt', '637139226648446407.bmp', 'analysis', '2020-04-27 12:45:16'),
(214, 48, 2, 0, '0.30000', '0.03000', '2.79270', '-2.76270', '0.00030', 2, '637139226648446407.txt', '637139226648446407.bmp', 'analysis', '2020-04-27 12:45:16'),
(215, 48, 3, 0, '0.50000', '0.05000', '2.79270', '-2.74270', '0.00050', 2, '637139226648446407.txt', '637139226648446407.bmp', 'analysis', '2020-04-27 12:45:16'),
(216, 48, 1, 1, '0.20000', '0.02000', '2.79270', '-2.77270', '0.00020', 2, '637139226648446407.txt', '637139226648446407.bmp', 'analysis', '2020-04-27 12:45:16'),
(217, 48, 2, 1, '0.30000', '0.03000', '2.79270', '-2.76270', '0.00030', 2, '637139226648446407.txt', '637139226648446407.bmp', 'analysis', '2020-04-27 12:45:16'),
(218, 48, 3, 1, '0.50000', '0.05000', '2.79270', '-2.74270', '0.00050', 2, '637139226648446407.txt', '637139226648446407.bmp', 'analysis', '2020-04-27 12:45:16'),
(219, 48, 1, 3, '0.20000', '0.02000', '2.79270', '-2.77270', '0.00020', 2, '637139226648446407.txt', '637139226648446407.bmp', 'analysis', '2020-04-27 12:46:49'),
(220, 48, 2, 3, '0.30000', '0.03000', '2.79270', '-2.76270', '0.00030', 2, '637139226648446407.txt', '637139226648446407.bmp', 'analysis', '2020-04-27 12:46:49'),
(221, 48, 3, 3, '0.50000', '0.05000', '2.79270', '-2.74270', '0.00050', 2, '637139226648446407.txt', '637139226648446407.bmp', 'analysis', '2020-04-27 12:46:49'),
(222, 49, 1, 0, '0.02000', '0.02000', '2.79270', '-2.77270', '0.00002', 2, '637139226648446407.txt', '637139226648446407.bmp', 'analysis', '2020-04-28 10:28:29'),
(223, 49, 2, 0, '0.20000', '0.02000', '2.79270', '-2.77270', '0.00020', 2, '637139226648446407.txt', '637139226648446407.bmp', 'analysis', '2020-04-28 10:28:29'),
(224, 49, 3, 0, '0.05000', '0.05000', '2.79270', '-2.74270', '0.00005', 2, '637139226648446407.txt', '637139226648446407.bmp', 'analysis', '2020-04-28 10:28:29'),
(225, 49, 4, 0, '100.00000', '100.00000', '2.79270', '97.20730', '0.10000', 2, '637139226648446407.txt', '637139226648446407.bmp', 'analysis', '2020-04-28 10:28:29'),
(226, 49, 5, 0, '200.00000', '200.00000', '2.79270', '197.20730', '0.20000', 2, '637139226648446407.txt', '637139226648446407.bmp', 'analysis', '2020-04-28 10:28:29'),
(227, 49, 1, 1, '0.02000', '0.02000', '2.79270', '-2.77270', '0.00002', 2, '637139226648446407.txt', '637139226648446407.bmp', 'analysis', '2020-04-28 10:28:29'),
(228, 49, 2, 1, '0.20000', '0.02000', '2.79270', '-2.77270', '0.00020', 2, '637139226648446407.txt', '637139226648446407.bmp', 'analysis', '2020-04-28 10:28:29'),
(229, 49, 3, 1, '0.05000', '0.05000', '2.79270', '-2.74270', '0.00005', 2, '637139226648446407.txt', '637139226648446407.bmp', 'analysis', '2020-04-28 10:28:29'),
(230, 49, 4, 1, '100.00000', '100.00000', '2.79270', '97.20730', '0.10000', 2, '637139226648446407.txt', '637139226648446407.bmp', 'analysis', '2020-04-28 10:28:29'),
(231, 49, 5, 1, '200.00000', '200.00000', '2.79270', '197.20730', '0.20000', 2, '637139226648446407.txt', '637139226648446407.bmp', 'analysis', '2020-04-28 10:28:29'),
(232, 50, 1, 0, '20.00000', '20.00067', '2.79270', '17.20797', '0.02000', 2, '637139226648446407.txt', '637139226648446407.bmp', 'analysis', '2020-04-29 06:42:45'),
(233, 50, 2, 0, '10.00000', '10.00060', '2.79270', '7.20790', '0.01000', 2, '637139226648446407.txt', '637139226648446407.bmp', 'analysis', '2020-04-29 06:42:45'),
(234, 50, 3, 0, '50.00000', '50.00009', '2.79270', '47.20739', '0.05000', 2, '637139226648446407.txt', '637139226648446407.bmp', 'analysis', '2020-04-29 06:42:45'),
(235, 51, 1, 0, '0.02000', '0.02000', '2.79270', '-2.77270', '0.00002', 2, '637139226648446407.txt', '637139226648446407.bmp', 'analysis', '2020-04-29 06:44:09'),
(236, 51, 2, 0, '0.20000', '0.02000', '2.79270', '-2.77270', '0.00020', 2, '637139226648446407.txt', '637139226648446407.bmp', 'analysis', '2020-04-29 06:44:09'),
(237, 51, 3, 0, '0.05000', '0.05000', '2.79270', '-2.74270', '0.00005', 2, '637139226648446407.txt', '637139226648446407.bmp', 'analysis', '2020-04-29 06:44:09'),
(238, 51, 4, 0, '100.00000', '100.00000', '2.79270', '97.20730', '0.10000', 2, '637139226648446407.txt', '637139226648446407.bmp', 'analysis', '2020-04-29 06:44:09'),
(239, 51, 5, 0, '200.00000', '200.00000', '2.79270', '197.20730', '0.20000', 2, '637139226648446407.txt', '637139226648446407.bmp', 'analysis', '2020-04-29 06:44:09'),
(240, 51, 1, 1, '0.02000', '0.02000', '2.79270', '-2.77270', '0.00002', 2, '637139226648446407.txt', '637139226648446407.bmp', 'analysis', '2020-04-29 06:44:09'),
(241, 51, 2, 1, '0.20000', '0.02000', '2.79270', '-2.77270', '0.00020', 2, '637139226648446407.txt', '637139226648446407.bmp', 'analysis', '2020-04-29 06:44:09'),
(242, 51, 3, 1, '0.05000', '0.05000', '2.79270', '-2.74270', '0.00005', 2, '637139226648446407.txt', '637139226648446407.bmp', 'analysis', '2020-04-29 06:44:09'),
(243, 51, 4, 1, '100.00000', '100.00000', '2.79270', '97.20730', '0.10000', 2, '637139226648446407.txt', '637139226648446407.bmp', 'analysis', '2020-04-29 06:44:09'),
(244, 51, 5, 1, '200.00000', '200.00000', '2.79270', '197.20730', '0.20000', 2, '637139226648446407.txt', '637139226648446407.bmp', 'analysis', '2020-04-29 06:44:09'),
(245, 52, 1, 0, '10.00000', '10.00006', '2.79270', '7.20736', '0.01000', 2, '637139226648446407.txt', '637139226648446407.bmp', 'analysis', '2020-04-30 05:46:36'),
(246, 52, 2, 0, '20.00000', '20.00007', '2.79270', '17.20737', '0.02000', 2, '637139226648446407.txt', '637139226648446407.bmp', 'analysis', '2020-04-30 05:46:36'),
(247, 52, 1, 1, '10.00000', '10.00006', '2.79270', '7.20736', '0.01000', 2, '637139226648446407.txt', '637139226648446407.bmp', 'analysis', '2020-04-30 05:46:36'),
(248, 52, 2, 1, '20.00000', '20.00007', '2.79270', '17.20737', '0.02000', 2, '637139226648446407.txt', '637139226648446407.bmp', 'analysis', '2020-04-30 05:46:36'),
(249, 53, 1, 0, '0.02000', '0.02000', '2.79270', '-2.77270', '0.00002', 2, '637139226648446407.txt', '637139226648446407.bmp', 'analysis', '2020-04-30 07:13:48'),
(250, 53, 2, 0, '0.20000', '0.02000', '2.79270', '-2.77270', '0.00020', 2, '637139226648446407.txt', '637139226648446407.bmp', 'analysis', '2020-04-30 07:13:48'),
(251, 53, 3, 0, '0.05000', '0.05000', '2.79270', '-2.74270', '0.00005', 2, '637139226648446407.txt', '637139226648446407.bmp', 'analysis', '2020-04-30 07:13:48'),
(252, 53, 1, 1, '0.02000', '0.02000', '2.79270', '-2.77270', '0.00002', 2, '637139226648446407.txt', '637139226648446407.bmp', 'analysis', '2020-04-30 07:13:48'),
(253, 53, 2, 1, '0.20000', '0.02000', '2.79270', '-2.77270', '0.00020', 2, '637139226648446407.txt', '637139226648446407.bmp', 'analysis', '2020-04-30 07:13:48'),
(254, 53, 3, 1, '0.05000', '0.05000', '2.79270', '-2.74270', '0.00005', 2, '637139226648446407.txt', '637139226648446407.bmp', 'analysis', '2020-04-30 07:13:48'),
(255, 53, 1, 3, '0.02000', '0.02000', '2.79270', '-2.77270', '0.00002', 2, '637139226648446407.txt', '637139226648446407.bmp', 'analysis', '2020-04-30 07:28:25'),
(256, 53, 2, 3, '0.20000', '0.02000', '2.79270', '-2.77270', '0.00020', 2, '637139226648446407.txt', '637139226648446407.bmp', 'analysis', '2020-04-30 07:28:25'),
(257, 53, 3, 3, '0.05000', '0.05000', '2.79270', '-2.74270', '0.00005', 2, '637139226648446407.txt', '637139226648446407.bmp', 'analysis', '2020-04-30 07:28:25'),
(258, 54, 1, 0, '20.00000', '20.00067', '4.79130', '15.20937', '0.02000', 2, '637139226052210585.txt', '637139226052210585.bmp', 'analysis', '2020-04-30 09:28:07'),
(259, 54, 2, 0, '10.00000', '10.00060', '2.79270', '7.20790', '0.01000', 2, '637139226648446407.txt', '637139226648446407.bmp', 'analysis', '2020-04-30 09:28:07'),
(260, 54, 3, 0, '50.00000', '50.00009', '4.79130', '45.20879', '0.05000', 2, '637139226052210585.txt', '637139226052210585.bmp', 'analysis', '2020-04-30 09:28:07'),
(261, 55, 1, 0, '0.02000', '0.02000', '2.79270', '-2.77270', '0.00002', 2, '637139226648446407.txt', '637139226648446407.bmp', 'analysis', '2020-04-30 09:30:02'),
(262, 55, 2, 0, '0.05000', '0.05000', '2.79270', '-2.74270', '0.00005', 2, '637139226648446407.txt', '637139226648446407.bmp', 'analysis', '2020-04-30 09:30:02'),
(263, 55, 3, 0, '0.01000', '0.01000', '2.79270', '-2.78270', '0.00010', 2, '637139226648446407.txt', '637139226648446407.bmp', 'analysis', '2020-04-30 09:30:02'),
(264, 56, 1, 0, '20.00000', '20.00067', '2.79270', '17.20797', '0.02000', 2, '637139226648446407.txt', '637139226648446407.bmp', 'analysis', '2020-05-02 05:03:50'),
(265, 56, 2, 0, '10.00000', '10.00060', '2.79270', '7.20790', '0.01000', 2, '637139226648446407.txt', '637139226648446407.bmp', 'analysis', '2020-05-02 05:03:50'),
(266, 56, 3, 0, '50.00000', '50.00009', '2.79270', '47.20739', '0.05000', 2, '637139226648446407.txt', '637139226648446407.bmp', 'analysis', '2020-05-02 05:03:50'),
(267, 57, 1, 0, '20.00000', '20.00067', '2.79270', '17.20797', '0.02000', 2, '637139226648446407.txt', '637139226648446407.bmp', 'analysis', '2020-05-02 13:44:40'),
(268, 57, 2, 0, '10.00000', '10.00060', '2.79270', '7.20790', '0.01000', 2, '637139226648446407.txt', '637139226648446407.bmp', 'analysis', '2020-05-02 13:44:40'),
(269, 57, 3, 0, '50.00000', '50.00009', '2.79270', '47.20739', '0.05000', 2, '637139226648446407.txt', '637139226648446407.bmp', 'analysis', '2020-05-02 13:44:40'),
(270, 58, 1, 0, '20.00000', '20.00067', '2.79270', '17.20797', '0.02000', 2, '637139226648446407.txt', '637139226648446407.bmp', 'analysis', '2020-05-04 06:24:45'),
(271, 58, 2, 0, '10.00000', '10.00060', '2.79270', '7.20790', '0.01000', 2, '637139226648446407.txt', '637139226648446407.bmp', 'analysis', '2020-05-04 06:24:45'),
(272, 58, 3, 0, '50.00000', '50.00009', '2.79270', '47.20739', '0.05000', 2, '637139226648446407.txt', '637139226648446407.bmp', 'analysis', '2020-05-04 06:24:45'),
(295, 62, 1, 0, '20.00000', '20.00067', '2.79270', '17.20797', '0.02000', 2, '637139226648446407.txt', '637139226648446407.bmp', 'analysis', '2020-05-04 09:46:07'),
(296, 62, 2, 0, '10.00000', '10.00060', '2.79270', '7.20790', '0.01000', 2, '637139226648446407.txt', '637139226648446407.bmp', 'analysis', '2020-05-04 09:46:07'),
(297, 62, 3, 0, '50.00000', '50.00009', '2.79270', '47.20739', '0.05000', 2, '637139226648446407.txt', '637139226648446407.bmp', 'analysis', '2020-05-04 09:46:07'),
(298, 63, 1, 0, '0.02000', '0.02000', '2.79270', '-2.77270', '0.00002', 2, '637139226648446407.txt', '637139226648446407.bmp', 'analysis', '2020-05-04 09:48:52'),
(299, 63, 2, 0, '0.20000', '0.02000', '2.79270', '-2.77270', '0.00020', 2, '637139226648446407.txt', '637139226648446407.bmp', 'analysis', '2020-05-04 09:48:52'),
(300, 63, 3, 0, '0.05000', '0.05000', '2.79270', '-2.74270', '0.00005', 2, '637139226648446407.txt', '637139226648446407.bmp', 'analysis', '2020-05-04 09:48:52'),
(301, 63, 1, 1, '0.02000', '0.02000', '2.79270', '-2.77270', '0.00002', 2, '637139226648446407.txt', '637139226648446407.bmp', 'analysis', '2020-05-04 09:48:52'),
(302, 63, 2, 1, '0.20000', '0.02000', '2.79270', '-2.77270', '0.00020', 2, '637139226648446407.txt', '637139226648446407.bmp', 'analysis', '2020-05-04 09:48:52'),
(303, 63, 3, 1, '0.05000', '0.05000', '2.79270', '-2.74270', '0.00005', 2, '637139226648446407.txt', '637139226648446407.bmp', 'analysis', '2020-05-04 09:48:52'),
(304, 64, 1, 0, '0.02000', '0.02000', '2.79270', '-2.77270', '0.00002', 2, '637139226648446407.txt', '637139226648446407.bmp', 'analysis', '2020-05-04 09:56:22'),
(305, 64, 2, 0, '0.05000', '0.05000', '2.79270', '-2.74270', '0.00005', 2, '637139226648446407.txt', '637139226648446407.bmp', 'analysis', '2020-05-04 09:56:22'),
(306, 64, 3, 0, '0.01000', '0.01000', '2.79270', '-2.78270', '0.00010', 2, '637139226648446407.txt', '637139226648446407.bmp', 'analysis', '2020-05-04 09:56:22'),
(307, 65, 1, 0, '0.02000', '0.02000', '2.79270', '-2.77270', '0.00002', 2, '637139226648446407.txt', '637139226648446407.bmp', 'analysis', '2020-05-04 11:19:59'),
(308, 65, 2, 0, '0.05000', '0.05000', '2.79270', '-2.74270', '0.00005', 2, '637139226648446407.txt', '637139226648446407.bmp', 'analysis', '2020-05-04 11:19:59'),
(309, 65, 3, 0, '0.01000', '0.01000', '2.79270', '-2.78270', '0.00010', 2, '637139226648446407.txt', '637139226648446407.bmp', 'analysis', '2020-05-04 11:19:59'),
(310, 66, 1, 0, '0.02000', '0.02000', '2.79270', '-2.77270', '0.00002', 2, '637139226648446407.txt', '637139226648446407.bmp', 'analysis', '2020-05-04 13:22:55'),
(311, 66, 2, 0, '0.05000', '0.05000', '4.79130', '-4.74130', '0.00005', 2, '637139226052210585.txt', '637139226052210585.bmp', 'analysis', '2020-05-04 13:22:55'),
(312, 66, 3, 0, '0.01000', '0.01000', '2.79270', '-2.78270', '0.00010', 2, '637139226648446407.txt', '637139226648446407.bmp', 'analysis', '2020-05-04 13:22:55'),
(313, 66, 1, 1, '0.02000', '0.02000', '4.79130', '-4.77130', '0.00002', 2, '637139226052210585.txt', '637139226052210585.bmp', 'analysis', '2020-05-04 13:22:55'),
(314, 66, 2, 1, '0.05000', '0.05000', '4.79130', '-4.74130', '0.00005', 2, '637139226052210585.txt', '637139226052210585.bmp', 'analysis', '2020-05-04 13:22:55'),
(315, 66, 3, 1, '0.01000', '0.01000', '4.79130', '-4.78130', '0.00010', 2, '637139226052210585.txt', '637139226052210585.bmp', 'analysis', '2020-05-04 13:22:55'),
(316, 67, 1, 0, '20.00000', '20.00067', '4.79130', '15.20937', '0.02000', 2, '637139226052210585.txt', '637139226052210585.bmp', 'analysis', '2020-05-07 09:39:44'),
(317, 67, 2, 0, '10.00000', '10.00060', '4.79130', '5.20930', '0.01000', 2, '637139226052210585.txt', '637139226052210585.bmp', 'analysis', '2020-05-07 09:39:44'),
(318, 67, 3, 0, '50.00000', '50.00009', '4.79130', '45.20879', '0.05000', 2, '637139226052210585.txt', '637139226052210585.bmp', 'analysis', '2020-05-07 09:39:44'),
(319, 68, 1, 0, '0.02000', '0.02000', '4.79130', '-4.77130', '0.00002', 2, '637139226052210585.txt', '637139226052210585.bmp', 'analysis', '2020-05-07 09:44:40'),
(320, 68, 2, 0, '0.20000', '0.02000', '4.79130', '-4.77130', '0.00020', 2, '637139226052210585.txt', '637139226052210585.bmp', 'analysis', '2020-05-07 09:44:40'),
(321, 68, 3, 0, '0.05000', '0.05000', '4.79130', '-4.74130', '0.00005', 2, '637139226052210585.txt', '637139226052210585.bmp', 'analysis', '2020-05-07 09:44:40'),
(322, 68, 4, 0, '100.00000', '100.00000', '4.79130', '95.20870', '0.10000', 2, '637139226052210585.txt', '637139226052210585.bmp', 'analysis', '2020-05-07 09:44:40'),
(323, 68, 5, 0, '200.00000', '200.00000', '4.79130', '195.20870', '0.20000', 2, '637139226052210585.txt', '637139226052210585.bmp', 'analysis', '2020-05-07 09:44:40'),
(324, 68, 1, 1, '0.02000', '0.02000', '4.79130', '-4.77130', '0.00002', 2, '637139226052210585.txt', '637139226052210585.bmp', 'analysis', '2020-05-07 09:44:40'),
(325, 68, 2, 1, '0.20000', '0.02000', '4.79130', '-4.77130', '0.00020', 2, '637139226052210585.txt', '637139226052210585.bmp', 'analysis', '2020-05-07 09:44:40'),
(326, 68, 3, 1, '0.05000', '0.05000', '4.79130', '-4.74130', '0.00005', 2, '637139226052210585.txt', '637139226052210585.bmp', 'analysis', '2020-05-07 09:44:40'),
(327, 68, 4, 1, '100.00000', '100.00000', '4.79130', '95.20870', '0.10000', 2, '637139226052210585.txt', '637139226052210585.bmp', 'analysis', '2020-05-07 09:44:40'),
(328, 68, 5, 1, '200.00000', '200.00000', '4.79130', '195.20870', '0.20000', 2, '637139226052210585.txt', '637139226052210585.bmp', 'analysis', '2020-05-07 09:44:40'),
(329, 68, 1, 3, '0.02000', '0.02000', '4.79130', '-4.77130', '0.00002', 2, '637139226052210585.txt', '637139226052210585.bmp', 'analysis', '2020-05-07 09:54:13');
INSERT INTO `calibrationline` (`RecId`, `RefRecId`, `LineId`, `Type`, `StWeight`, `CertWeight`, `DispWeight`, `DiffWeight`, `AccpWeight`, `Result`, `Tfile`, `Ifile`, `CreatedBy`, `CreatedDate`) VALUES
(330, 68, 2, 3, '0.20000', '0.02000', '1.79270', '-1.77270', '0.00020', 2, '637139226648446407.txt', '637139226648446407.bmp', 'analysis', '2020-05-07 09:54:13'),
(331, 68, 3, 3, '0.05000', '0.05000', '4.79130', '-4.74130', '0.00005', 2, '637139226052210585.txt', '637139226052210585.bmp', 'analysis', '2020-05-07 09:54:13'),
(332, 68, 4, 3, '100.00000', '100.00000', '4.79130', '95.20870', '0.10000', 2, '637139226052210585.txt', '637139226052210585.bmp', 'analysis', '2020-05-07 09:54:13'),
(333, 68, 5, 3, '200.00000', '200.00000', '4.79130', '195.20870', '0.20000', 2, '637139226052210585.txt', '637139226052210585.bmp', 'analysis', '2020-05-07 09:54:13'),
(334, 69, 1, 0, '0.02000', '0.02000', '1.79270', '-1.77270', '0.00002', 2, '637139226648446407.txt', '637139226648446407.bmp', 'analysis', '2020-05-11 04:54:34'),
(335, 69, 2, 0, '0.20000', '0.02000', '1.79270', '-1.77270', '0.00020', 2, '637139226648446407.txt', '637139226648446407.bmp', 'analysis', '2020-05-11 04:54:34'),
(336, 69, 3, 0, '0.05000', '0.05000', '1.79270', '-1.74270', '0.00005', 2, '637139226648446407.txt', '637139226648446407.bmp', 'analysis', '2020-05-11 04:54:34'),
(337, 69, 4, 0, '100.00000', '100.00000', '1.79270', '98.20730', '0.10000', 2, '637139226648446407.txt', '637139226648446407.bmp', 'analysis', '2020-05-11 04:54:34'),
(338, 69, 5, 0, '200.00000', '200.00000', '1.79270', '198.20730', '0.20000', 2, '637139226648446407.txt', '637139226648446407.bmp', 'analysis', '2020-05-11 04:54:34'),
(339, 69, 1, 1, '0.02000', '0.02000', '1.79270', '-1.77270', '0.00002', 2, '637139226648446407.txt', '637139226648446407.bmp', 'analysis', '2020-05-11 04:54:34'),
(340, 69, 2, 1, '0.20000', '0.02000', '1.79270', '-1.77270', '0.00020', 2, '637139226648446407.txt', '637139226648446407.bmp', 'analysis', '2020-05-11 04:54:34'),
(341, 69, 3, 1, '0.05000', '0.05000', '1.79270', '-1.74270', '0.00005', 2, '637139226648446407.txt', '637139226648446407.bmp', 'analysis', '2020-05-11 04:54:34'),
(342, 69, 4, 1, '100.00000', '100.00000', '1.79270', '98.20730', '0.10000', 2, '637139226648446407.txt', '637139226648446407.bmp', 'analysis', '2020-05-11 04:54:34'),
(343, 69, 5, 1, '200.00000', '200.00000', '1.79270', '198.20730', '0.20000', 2, '637139226648446407.txt', '637139226648446407.bmp', 'analysis', '2020-05-11 04:54:34'),
(344, 70, 1, 0, '10.00000', '10.00006', '1.79270', '8.20736', '0.01000', 2, '637139226648446407.txt', '637139226648446407.bmp', 'analysis', '2020-05-11 04:58:07'),
(345, 70, 2, 0, '20.00000', '20.00007', '1.79270', '18.20737', '0.02000', 2, '637139226648446407.txt', '637139226648446407.bmp', 'analysis', '2020-05-11 04:58:07'),
(346, 70, 1, 1, '10.00000', '10.00006', '1.79270', '8.20736', '0.01000', 2, '637139226648446407.txt', '637139226648446407.bmp', 'analysis', '2020-05-11 04:58:07'),
(347, 70, 2, 1, '20.00000', '20.00007', '1.79270', '18.20737', '0.02000', 2, '637139226648446407.txt', '637139226648446407.bmp', 'analysis', '2020-05-11 04:58:07'),
(348, 70, 1, 3, '10.00000', '10.00006', '1.79270', '8.20736', '0.01000', 2, '637139226648446407.txt', '637139226648446407.bmp', 'analysis', '2020-05-11 04:59:49'),
(349, 70, 2, 3, '20.00000', '20.00007', '1.79270', '18.20737', '0.02000', 2, '637139226648446407.txt', '637139226648446407.bmp', 'analysis', '2020-05-11 04:59:49'),
(350, 71, 1, 0, '0.02000', '0.02000', '1.79270', '-1.77270', '0.00002', 2, '637139226648446407.txt', '637139226648446407.bmp', 'analysis', '2020-05-14 07:46:53'),
(351, 71, 2, 0, '0.20000', '0.02000', '1.79270', '-1.77270', '0.00020', 2, '637139226648446407.txt', '637139226648446407.bmp', 'analysis', '2020-05-14 07:46:53'),
(352, 71, 3, 0, '0.05000', '0.05000', '1.79270', '-1.74270', '0.00005', 2, '637139226648446407.txt', '637139226648446407.bmp', 'analysis', '2020-05-14 07:46:53'),
(353, 71, 4, 0, '100.00000', '100.00000', '1.79270', '98.20730', '0.10000', 2, '637139226648446407.txt', '637139226648446407.bmp', 'analysis', '2020-05-14 07:46:53'),
(354, 71, 5, 0, '200.00000', '200.00000', '1.79270', '198.20730', '0.20000', 2, '637139226648446407.txt', '637139226648446407.bmp', 'analysis', '2020-05-14 07:46:53'),
(355, 71, 1, 1, '0.02000', '0.02000', '1.79270', '-1.77270', '0.00002', 2, '637139226648446407.txt', '637139226648446407.bmp', 'analysis', '2020-05-14 07:46:53'),
(356, 71, 2, 1, '0.20000', '0.02000', '1.79270', '-1.77270', '0.00020', 2, '637139226648446407.txt', '637139226648446407.bmp', 'analysis', '2020-05-14 07:46:53'),
(357, 71, 3, 1, '0.05000', '0.05000', '1.79270', '-1.74270', '0.00005', 2, '637139226648446407.txt', '637139226648446407.bmp', 'analysis', '2020-05-14 07:46:53'),
(358, 71, 4, 1, '100.00000', '100.00000', '1.79270', '98.20730', '0.10000', 2, '637139226648446407.txt', '637139226648446407.bmp', 'analysis', '2020-05-14 07:46:53'),
(359, 71, 5, 1, '200.00000', '200.00000', '1.79270', '198.20730', '0.20000', 2, '637139226648446407.txt', '637139226648446407.bmp', 'analysis', '2020-05-14 07:46:53'),
(360, 72, 1, 0, '0.02000', '0.02000', '4.79130', '-4.77130', '0.00002', 2, '637139226052210585.txt', '637139226052210585.bmp', 'analysis', '2020-05-15 18:56:00'),
(361, 72, 2, 0, '0.20000', '0.02000', '4.79130', '-4.77130', '0.00020', 2, '637139226052210585.txt', '637139226052210585.bmp', 'analysis', '2020-05-15 18:56:00'),
(362, 72, 3, 0, '0.05000', '0.05000', '4.79130', '-4.74130', '0.00005', 2, '637139226052210585.txt', '637139226052210585.bmp', 'analysis', '2020-05-15 18:56:00'),
(363, 72, 1, 1, '0.02000', '0.02000', '4.79130', '-4.77130', '0.00002', 2, '637139226052210585.txt', '637139226052210585.bmp', 'analysis', '2020-05-15 18:56:00'),
(364, 72, 2, 1, '0.20000', '0.02000', '4.79130', '-4.77130', '0.00020', 2, '637139226052210585.txt', '637139226052210585.bmp', 'analysis', '2020-05-15 18:56:00'),
(365, 72, 3, 1, '0.05000', '0.05000', '4.79130', '-4.74130', '0.00005', 2, '637139226052210585.txt', '637139226052210585.bmp', 'analysis', '2020-05-15 18:56:00'),
(366, 73, 1, 0, '0.02000', '0.02000', '9.99994', '-9.97994', '0.00002', 2, '637139226052210585.txt', '637139226052210585.bmp', 'analysis', '2020-05-16 08:26:07'),
(367, 73, 2, 0, '0.05000', '0.05000', '9.99994', '-9.94994', '0.00005', 2, '637139226052210585.txt', '637139226052210585.bmp', 'analysis', '2020-05-16 08:26:07'),
(368, 73, 3, 0, '0.01000', '0.01000', '9.99994', '-9.98994', '0.00010', 2, '637139226052210585.txt', '637139226052210585.bmp', 'analysis', '2020-05-16 08:26:07'),
(369, 73, 4, 0, '100.00000', '100.00000', '9.99994', '90.00006', '0.10000', 2, '637139226052210585.txt', '637139226052210585.bmp', 'analysis', '2020-05-16 08:26:07'),
(370, 73, 5, 0, '200.00000', '200.00000', '9.99994', '190.00006', '0.20000', 2, '637139226052210585.txt', '637139226052210585.bmp', 'analysis', '2020-05-16 08:26:07'),
(371, 73, 1, 1, '0.02000', '0.02000', '9.99994', '-9.97994', '0.00002', 2, '637139226052210585.txt', '637139226052210585.bmp', 'analysis', '2020-05-16 08:26:07'),
(372, 73, 2, 1, '0.05000', '0.05000', '9.99994', '-9.94994', '0.00005', 2, '637139226052210585.txt', '637139226052210585.bmp', 'analysis', '2020-05-16 08:26:07'),
(373, 73, 3, 1, '0.01000', '0.01000', '9.99994', '-9.98994', '0.00010', 2, '637139226052210585.txt', '637139226052210585.bmp', 'analysis', '2020-05-16 08:26:07'),
(374, 73, 4, 1, '100.00000', '100.00000', '9.99994', '90.00006', '0.10000', 2, '637139226052210585.txt', '637139226052210585.bmp', 'analysis', '2020-05-16 08:26:07'),
(375, 73, 5, 1, '200.00000', '200.00000', '9.99994', '190.00006', '0.20000', 2, '637139226052210585.txt', '637139226052210585.bmp', 'analysis', '2020-05-16 08:26:07'),
(376, 74, 1, 0, '10.00000', '10.00006', '4.99995', '5.00011', '0.01000', 2, '637139226052210585.txt', '637139226052210585.bmp', 'analysis', '2020-05-16 08:47:18'),
(377, 74, 2, 0, '20.00000', '20.00007', '4.99995', '15.00012', '0.02000', 2, '637139226052210585.txt', '637139226052210585.bmp', 'analysis', '2020-05-16 08:47:18'),
(378, 74, 1, 1, '10.00000', '10.00006', '4.99995', '5.00011', '0.01000', 2, '637139226052210585.txt', '637139226052210585.bmp', 'analysis', '2020-05-16 08:47:18'),
(379, 74, 2, 1, '20.00000', '20.00007', '4.99995', '15.00012', '0.02000', 2, '637139226052210585.txt', '637139226052210585.bmp', 'analysis', '2020-05-16 08:47:18'),
(380, 76, 1, 0, '0.02000', '0.02000', '4.99991', '-4.97991', '0.00002', 2, '637139226052210585.txt', '637139226052210585.bmp', 'analysis', '2020-05-19 05:31:49'),
(381, 76, 2, 0, '0.20000', '0.02000', '4.99991', '-4.97991', '0.00020', 2, '637139226052210585.txt', '637139226052210585.bmp', 'analysis', '2020-05-19 05:31:49'),
(382, 76, 3, 0, '0.05000', '0.05000', '4.99991', '-4.94991', '0.00005', 2, '637139226052210585.txt', '637139226052210585.bmp', 'analysis', '2020-05-19 05:31:49'),
(383, 76, 4, 0, '100.00000', '100.00000', '4.99991', '95.00009', '0.10000', 2, '637139226052210585.txt', '637139226052210585.bmp', 'analysis', '2020-05-19 05:31:49'),
(384, 76, 5, 0, '200.00000', '200.00000', '4.99991', '195.00009', '0.20000', 2, '637139226052210585.txt', '637139226052210585.bmp', 'analysis', '2020-05-19 05:31:49'),
(385, 76, 1, 1, '0.02000', '0.02000', '4.99991', '-4.97991', '0.00002', 2, '637139226052210585.txt', '637139226052210585.bmp', 'analysis', '2020-05-19 05:31:49'),
(386, 76, 2, 1, '0.20000', '0.02000', '4.99991', '-4.97991', '0.00020', 2, '637139226052210585.txt', '637139226052210585.bmp', 'analysis', '2020-05-19 05:31:49'),
(387, 76, 3, 1, '0.05000', '0.05000', '4.99991', '-4.94991', '0.00005', 2, '637139226052210585.txt', '637139226052210585.bmp', 'analysis', '2020-05-19 05:31:49'),
(388, 76, 4, 1, '100.00000', '100.00000', '4.99991', '95.00009', '0.10000', 2, '637139226052210585.txt', '637139226052210585.bmp', 'analysis', '2020-05-19 05:31:49'),
(389, 76, 5, 1, '200.00000', '200.00000', '4.99991', '195.00009', '0.20000', 2, '637139226052210585.txt', '637139226052210585.bmp', 'analysis', '2020-05-19 05:31:49'),
(390, 77, 1, 0, '0.02000', '0.02000', '4.99991', '-4.97991', '0.00002', 2, '637139226052210585.txt', '637139226052210585.bmp', 'analysis', '2020-05-19 05:33:10'),
(391, 77, 2, 0, '0.05000', '0.05000', '4.99991', '-4.94991', '0.00005', 2, '637139226052210585.txt', '637139226052210585.bmp', 'analysis', '2020-05-19 05:33:10'),
(392, 77, 3, 0, '0.01000', '0.01000', '4.99991', '-4.98991', '0.00010', 2, '637139226052210585.txt', '637139226052210585.bmp', 'analysis', '2020-05-19 05:33:10'),
(393, 77, 4, 0, '100.00000', '100.00000', '4.99991', '95.00009', '0.10000', 2, '637139226052210585.txt', '637139226052210585.bmp', 'analysis', '2020-05-19 05:33:10'),
(394, 77, 5, 0, '200.00000', '200.00000', '4.99991', '195.00009', '0.20000', 2, '637139226052210585.txt', '637139226052210585.bmp', 'analysis', '2020-05-19 05:33:10'),
(395, 77, 1, 1, '0.02000', '0.02000', '4.99991', '-4.97991', '0.00002', 2, '637139226052210585.txt', '637139226052210585.bmp', 'analysis', '2020-05-19 05:33:10'),
(396, 77, 2, 1, '0.05000', '0.05000', '4.99991', '-4.94991', '0.00005', 2, '637139226052210585.txt', '637139226052210585.bmp', 'analysis', '2020-05-19 05:33:10'),
(397, 77, 3, 1, '0.01000', '0.01000', '4.99991', '-4.98991', '0.00010', 2, '637139226052210585.txt', '637139226052210585.bmp', 'analysis', '2020-05-19 05:33:10'),
(398, 77, 4, 1, '100.00000', '100.00000', '4.99991', '95.00009', '0.10000', 2, '637139226052210585.txt', '637139226052210585.bmp', 'analysis', '2020-05-19 05:33:10'),
(399, 77, 5, 1, '200.00000', '200.00000', '4.99991', '195.00009', '0.20000', 2, '637139226052210585.txt', '637139226052210585.bmp', 'analysis', '2020-05-19 05:33:10'),
(400, 77, 1, 3, '0.02000', '0.02000', '4.99991', '-4.97991', '0.00002', 2, '637139226052210585.txt', '637139226052210585.bmp', 'analysis', '2020-05-19 05:34:10'),
(401, 77, 2, 3, '0.05000', '0.05000', '4.99991', '-4.94991', '0.00005', 2, '637139226052210585.txt', '637139226052210585.bmp', 'analysis', '2020-05-19 05:34:10'),
(402, 77, 3, 3, '0.01000', '0.01000', '4.99991', '-4.98991', '0.00010', 2, '637139226052210585.txt', '637139226052210585.bmp', 'analysis', '2020-05-19 05:34:10'),
(403, 77, 4, 3, '100.00000', '100.00000', '4.99991', '95.00009', '0.10000', 2, '637139226052210585.txt', '637139226052210585.bmp', 'analysis', '2020-05-19 05:34:10'),
(404, 77, 5, 3, '200.00000', '200.00000', '4.99991', '195.00009', '0.20000', 2, '637139226052210585.txt', '637139226052210585.bmp', 'analysis', '2020-05-19 05:34:10'),
(405, 78, 1, 0, '10.00000', '10.00006', '4.99991', '5.00015', '0.01000', 2, '637139226052210585.txt', '637139226052210585.bmp', 'analysis', '2020-05-19 06:14:54'),
(406, 78, 2, 0, '20.00000', '20.00007', '4.99991', '15.00016', '0.02000', 2, '637139226052210585.txt', '637139226052210585.bmp', 'analysis', '2020-05-19 06:14:54'),
(407, 78, 1, 1, '10.00000', '10.00006', '4.99991', '5.00015', '0.01000', 2, '637139226052210585.txt', '637139226052210585.bmp', 'analysis', '2020-05-19 06:14:54'),
(408, 78, 2, 1, '20.00000', '20.00007', '4.99991', '15.00016', '0.02000', 2, '637139226052210585.txt', '637139226052210585.bmp', 'analysis', '2020-05-19 06:14:54'),
(409, 79, 1, 0, '0.02000', '0.02000', '4.99991', '-4.97991', '0.00002', 2, '637139226052210585.txt', '637139226052210585.bmp', 'analysis', '2020-05-19 06:27:12'),
(410, 79, 2, 0, '0.05000', '0.05000', '4.99991', '-4.94991', '0.00005', 2, '637139226052210585.txt', '637139226052210585.bmp', 'analysis', '2020-05-19 06:27:12'),
(411, 79, 3, 0, '0.01000', '0.01000', '4.99991', '-4.98991', '0.00010', 2, '637139226052210585.txt', '637139226052210585.bmp', 'analysis', '2020-05-19 06:27:12'),
(412, 79, 4, 0, '100.00000', '100.00000', '4.99991', '95.00009', '0.10000', 2, '637139226052210585.txt', '637139226052210585.bmp', 'analysis', '2020-05-19 06:27:12'),
(413, 79, 5, 0, '200.00000', '200.00000', '4.99991', '195.00009', '0.20000', 2, '637139226052210585.txt', '637139226052210585.bmp', 'analysis', '2020-05-19 06:27:12'),
(414, 79, 1, 1, '0.02000', '0.02000', '4.99991', '-4.97991', '0.00002', 2, '637139226052210585.txt', '637139226052210585.bmp', 'analysis', '2020-05-19 06:27:12'),
(415, 79, 2, 1, '0.05000', '0.05000', '4.99991', '-4.94991', '0.00005', 2, '637139226052210585.txt', '637139226052210585.bmp', 'analysis', '2020-05-19 06:27:12'),
(416, 79, 3, 1, '0.01000', '0.01000', '4.99991', '-4.98991', '0.00010', 2, '637139226052210585.txt', '637139226052210585.bmp', 'analysis', '2020-05-19 06:27:12'),
(417, 79, 4, 1, '100.00000', '100.00000', '4.99991', '95.00009', '0.10000', 2, '637139226052210585.txt', '637139226052210585.bmp', 'analysis', '2020-05-19 06:27:12'),
(418, 79, 5, 1, '200.00000', '200.00000', '4.99991', '195.00009', '0.20000', 2, '637139226052210585.txt', '637139226052210585.bmp', 'analysis', '2020-05-19 06:27:12'),
(419, 80, 1, 0, '0.02000', '0.02000', '4.99991', '-4.97991', '0.00002', 2, '637139226052210585.txt', '637139226052210585.bmp', 'analysis', '2020-05-19 09:36:28'),
(420, 80, 2, 0, '0.20000', '0.02000', '4.99991', '-4.97991', '0.00020', 2, '637139226052210585.txt', '637139226052210585.bmp', 'analysis', '2020-05-19 09:36:28'),
(421, 80, 3, 0, '0.05000', '0.05000', '4.99991', '-4.94991', '0.00005', 2, '637139226052210585.txt', '637139226052210585.bmp', 'analysis', '2020-05-19 09:36:28'),
(422, 80, 4, 0, '100.00000', '100.00000', '4.99991', '95.00009', '0.10000', 2, '637139226052210585.txt', '637139226052210585.bmp', 'analysis', '2020-05-19 09:36:28'),
(423, 80, 5, 0, '200.00000', '200.00000', '4.99991', '195.00009', '0.20000', 2, '637139226052210585.txt', '637139226052210585.bmp', 'analysis', '2020-05-19 09:36:28'),
(424, 80, 1, 1, '0.02000', '0.02000', '4.99991', '-4.97991', '0.00002', 2, '637139226052210585.txt', '637139226052210585.bmp', 'analysis', '2020-05-19 09:36:28'),
(425, 80, 2, 1, '0.20000', '0.02000', '4.99991', '-4.97991', '0.00020', 2, '637139226052210585.txt', '637139226052210585.bmp', 'analysis', '2020-05-19 09:36:28'),
(426, 80, 3, 1, '0.05000', '0.05000', '4.99991', '-4.94991', '0.00005', 2, '637139226052210585.txt', '637139226052210585.bmp', 'analysis', '2020-05-19 09:36:28'),
(427, 80, 4, 1, '100.00000', '100.00000', '4.99991', '95.00009', '0.10000', 2, '637139226052210585.txt', '637139226052210585.bmp', 'analysis', '2020-05-19 09:36:28'),
(428, 80, 5, 1, '200.00000', '200.00000', '4.99991', '195.00009', '0.20000', 2, '637139226052210585.txt', '637139226052210585.bmp', 'analysis', '2020-05-19 09:36:28'),
(429, 80, 1, 3, '0.02000', '0.02000', '4.99991', '-4.97991', '0.00002', 2, '637139226052210585.txt', '637139226052210585.bmp', 'analysis', '2020-05-19 09:37:42'),
(430, 80, 2, 3, '0.20000', '0.02000', '4.99991', '-4.97991', '0.00020', 2, '637139226052210585.txt', '637139226052210585.bmp', 'analysis', '2020-05-19 09:37:42'),
(431, 80, 3, 3, '0.05000', '0.05000', '4.99991', '-4.94991', '0.00005', 2, '637139226052210585.txt', '637139226052210585.bmp', 'analysis', '2020-05-19 09:37:42'),
(432, 80, 4, 3, '100.00000', '100.00000', '4.99991', '95.00009', '0.10000', 2, '637139226052210585.txt', '637139226052210585.bmp', 'analysis', '2020-05-19 09:37:42'),
(433, 81, 1, 0, '20.00000', '20.00067', '4.99991', '15.00076', '0.02000', 2, '637139226052210585.txt', '637139226052210585.bmp', 'analysis', '2020-05-20 05:49:11'),
(434, 81, 2, 0, '10.00000', '10.00060', '4.99991', '5.00069', '0.01000', 2, '637139226052210585.txt', '637139226052210585.bmp', 'analysis', '2020-05-20 05:49:11'),
(435, 81, 3, 0, '50.00000', '50.00009', '4.99991', '45.00018', '0.05000', 2, '637139226052210585.txt', '637139226052210585.bmp', 'analysis', '2020-05-20 05:49:11'),
(436, 82, 1, 0, '0.02000', '0.02000', '4.99991', '-4.97991', '0.00002', 2, '637139226052210585.txt', '637139226052210585.bmp', 'analysis', '2020-05-20 06:17:34'),
(437, 82, 2, 0, '0.20000', '0.02000', '4.99991', '-4.97991', '0.00020', 2, '637139226052210585.txt', '637139226052210585.bmp', 'analysis', '2020-05-20 06:17:34'),
(438, 82, 3, 0, '0.05000', '0.05000', '4.99991', '-4.94991', '0.00005', 2, '637139226052210585.txt', '637139226052210585.bmp', 'analysis', '2020-05-20 06:17:34'),
(439, 82, 4, 0, '100.00000', '100.00000', '4.99991', '95.00009', '0.10000', 2, '637139226052210585.txt', '637139226052210585.bmp', 'analysis', '2020-05-20 06:17:34'),
(440, 82, 5, 0, '200.00000', '200.00000', '4.99991', '195.00009', '0.20000', 2, '637139226052210585.txt', '637139226052210585.bmp', 'analysis', '2020-05-20 06:17:34'),
(441, 82, 1, 1, '0.02000', '0.02000', '4.99991', '-4.97991', '0.00002', 2, '637139226052210585.txt', '637139226052210585.bmp', 'analysis', '2020-05-20 06:17:34'),
(442, 82, 2, 1, '0.20000', '0.02000', '4.99991', '-4.97991', '0.00020', 2, '637139226052210585.txt', '637139226052210585.bmp', 'analysis', '2020-05-20 06:17:34'),
(443, 82, 3, 1, '0.05000', '0.05000', '4.99991', '-4.94991', '0.00005', 2, '637139226052210585.txt', '637139226052210585.bmp', 'analysis', '2020-05-20 06:17:34'),
(444, 82, 4, 1, '100.00000', '100.00000', '4.99991', '95.00009', '0.10000', 2, '637139226052210585.txt', '637139226052210585.bmp', 'analysis', '2020-05-20 06:17:34'),
(445, 82, 5, 1, '200.00000', '200.00000', '4.99991', '195.00009', '0.20000', 2, '637139226052210585.txt', '637139226052210585.bmp', 'analysis', '2020-05-20 06:17:34'),
(446, 83, 1, 0, '0.02000', '0.02000', '4.99991', '-4.97991', '0.00002', 2, '637139226052210585.txt', '637139226052210585.bmp', 'analysis', '2020-05-21 05:15:00'),
(447, 83, 2, 0, '0.20000', '0.02000', '4.99991', '-4.97991', '0.00020', 2, '637139226052210585.txt', '637139226052210585.bmp', 'analysis', '2020-05-21 05:15:00'),
(448, 83, 3, 0, '0.05000', '0.05000', '4.99991', '-4.94991', '0.00005', 2, '637139226052210585.txt', '637139226052210585.bmp', 'analysis', '2020-05-21 05:15:00'),
(449, 83, 4, 0, '100.00000', '100.00000', '4.99991', '95.00009', '0.10000', 2, '637139226052210585.txt', '637139226052210585.bmp', 'analysis', '2020-05-21 05:15:00'),
(450, 83, 5, 0, '200.00000', '200.00000', '4.99991', '195.00009', '0.20000', 2, '637139226052210585.txt', '637139226052210585.bmp', 'analysis', '2020-05-21 05:15:00'),
(451, 83, 1, 1, '0.02000', '0.02000', '4.99991', '-4.97991', '0.00002', 2, '637139226052210585.txt', '637139226052210585.bmp', 'analysis', '2020-05-21 05:15:00'),
(452, 83, 2, 1, '0.20000', '0.02000', '4.99991', '-4.97991', '0.00020', 2, '637139226052210585.txt', '637139226052210585.bmp', 'analysis', '2020-05-21 05:15:00'),
(453, 83, 3, 1, '0.05000', '0.05000', '4.99991', '-4.94991', '0.00005', 2, '637139226052210585.txt', '637139226052210585.bmp', 'analysis', '2020-05-21 05:15:00'),
(454, 83, 4, 1, '100.00000', '100.00000', '4.99991', '95.00009', '0.10000', 2, '637139226052210585.txt', '637139226052210585.bmp', 'analysis', '2020-05-21 05:15:00'),
(455, 83, 5, 1, '200.00000', '200.00000', '4.99991', '195.00009', '0.20000', 2, '637139226052210585.txt', '637139226052210585.bmp', 'analysis', '2020-05-21 05:15:00'),
(456, 83, 1, 3, '0.02000', '0.02000', '3.99991', '-3.97991', '0.00002', 2, '637139226052210585.txt', '637139226052210585.bmp', 'analysis', '2020-05-21 08:34:55'),
(457, 83, 2, 3, '0.20000', '0.02000', '3.99991', '-3.97991', '0.00020', 2, '637139226052210585.txt', '637139226052210585.bmp', 'analysis', '2020-05-21 08:34:55'),
(458, 83, 3, 3, '0.05000', '0.05000', '3.99991', '-3.94991', '0.00005', 2, '637139226052210585.txt', '637139226052210585.bmp', 'analysis', '2020-05-21 08:34:55'),
(459, 83, 4, 3, '100.00000', '100.00000', '3.99991', '96.00009', '0.10000', 2, '637139226052210585.txt', '637139226052210585.bmp', 'analysis', '2020-05-21 08:34:55'),
(460, 83, 5, 3, '200.00000', '200.00000', '3.99991', '196.00009', '0.20000', 2, '637139226052210585.txt', '637139226052210585.bmp', 'analysis', '2020-05-21 08:34:55'),
(461, 86, 1, 0, '0.02000', '0.02000', '0.79270', '-0.77270', '0.00002', 2, '637139226648446407.txt', '637139226648446407.bmp', 'analysis', '2020-05-26 05:07:53'),
(462, 86, 2, 0, '0.05000', '0.05000', '0.79270', '-0.74270', '0.00005', 2, '637139226648446407.txt', '637139226648446407.bmp', 'analysis', '2020-05-26 05:07:53'),
(463, 86, 3, 0, '0.01000', '0.01000', '0.79270', '-0.78270', '0.00010', 2, '637139226648446407.txt', '637139226648446407.bmp', 'analysis', '2020-05-26 05:07:53'),
(464, 86, 4, 0, '100.00000', '100.00000', '0.79270', '99.20730', '0.10000', 2, '637139226648446407.txt', '637139226648446407.bmp', 'analysis', '2020-05-26 05:07:53'),
(465, 86, 5, 0, '200.00000', '200.00000', '0.79270', '199.20730', '0.20000', 2, '637139226648446407.txt', '637139226648446407.bmp', 'analysis', '2020-05-26 05:07:53'),
(466, 87, 1, 0, '0.20000', '0.02000', '0.79270', '-0.77270', '0.00020', 2, '637139226648446407.txt', '637139226648446407.bmp', 'analysis', '2020-05-26 05:12:21'),
(467, 87, 2, 0, '0.30000', '0.03000', '0.79270', '-0.76270', '0.00030', 2, '637139226648446407.txt', '637139226648446407.bmp', 'analysis', '2020-05-26 05:12:21'),
(468, 87, 3, 0, '0.50000', '0.05000', '0.79270', '-0.74270', '0.00050', 2, '637139226648446407.txt', '637139226648446407.bmp', 'analysis', '2020-05-26 05:12:21'),
(469, 87, 1, 1, '0.20000', '0.02000', '0.79270', '-0.77270', '0.00020', 2, '637139226648446407.txt', '637139226648446407.bmp', 'analysis', '2020-05-26 05:12:21'),
(470, 87, 2, 1, '0.30000', '0.03000', '0.79270', '-0.76270', '0.00030', 2, '637139226648446407.txt', '637139226648446407.bmp', 'analysis', '2020-05-26 05:12:21'),
(471, 87, 3, 1, '0.50000', '0.05000', '0.79270', '-0.74270', '0.00050', 2, '637139226648446407.txt', '637139226648446407.bmp', 'analysis', '2020-05-26 05:12:21'),
(472, 87, 1, 3, '0.20000', '0.02000', '0.79270', '-0.77270', '0.00020', 2, '637139226648446407.txt', '637139226648446407.bmp', 'analysis', '2020-05-26 05:16:36'),
(473, 87, 2, 3, '0.30000', '0.03000', '0.79270', '-0.76270', '0.00030', 2, '637139226648446407.txt', '637139226648446407.bmp', 'analysis', '2020-05-26 05:16:36'),
(474, 87, 3, 3, '0.50000', '0.05000', '0.79270', '-0.74270', '0.00050', 2, '637139226648446407.txt', '637139226648446407.bmp', 'analysis', '2020-05-26 05:16:36'),
(475, 89, 1, 0, '1.00000', '1.00000', '0.79270', '0.20730', '1.00000', 1, '637139226648446407.txt', '637139226648446407.bmp', 'analysis', '2020-05-26 11:58:13'),
(476, 89, 2, 0, '1.00000', '1.00000', '0.79270', '0.20730', '1.00000', 1, '637139226648446407.txt', '637139226648446407.bmp', 'analysis', '2020-05-26 11:58:13'),
(477, 89, 3, 0, '1.00000', '1.00000', '0.79270', '0.20730', '1.00000', 1, '637139226648446407.txt', '637139226648446407.bmp', 'analysis', '2020-05-26 11:58:13'),
(478, 89, 4, 0, '1.00000', '1.00000', '0.79270', '0.20730', '1.00000', 1, '637139226648446407.txt', '637139226648446407.bmp', 'analysis', '2020-05-26 11:58:13'),
(479, 90, 1, 0, '2.00000', '2.00000', '0.79270', '1.20730', '2.00000', 1, '637139226648446407.txt', '637139226648446407.bmp', 'analysis', '2020-05-26 12:01:08'),
(480, 90, 2, 0, '2.00000', '2.00000', '0.79270', '1.20730', '2.00000', 1, '637139226648446407.txt', '637139226648446407.bmp', 'analysis', '2020-05-26 12:01:08'),
(481, 90, 3, 0, '2.00000', '2.00000', '0.79270', '1.20730', '2.00000', 1, '637139226648446407.txt', '637139226648446407.bmp', 'analysis', '2020-05-26 12:01:08'),
(482, 90, 4, 0, '2.00000', '2.00000', '0.79270', '1.20730', '2.00000', 1, '637139226648446407.txt', '637139226648446407.bmp', 'analysis', '2020-05-26 12:01:08'),
(483, 90, 1, 1, '2.00000', '2.00000', '0.79270', '1.20730', '2.00000', 1, '637139226648446407.txt', '637139226648446407.bmp', 'analysis', '2020-05-26 12:01:08'),
(484, 90, 2, 1, '2.00000', '2.00000', '0.79270', '1.20730', '2.00000', 1, '637139226648446407.txt', '637139226648446407.bmp', 'analysis', '2020-05-26 12:01:08'),
(485, 90, 3, 1, '2.00000', '2.00000', '0.79270', '1.20730', '2.00000', 1, '637139226648446407.txt', '637139226648446407.bmp', 'analysis', '2020-05-26 12:01:08'),
(486, 90, 4, 1, '2.00000', '2.00000', '0.79270', '1.20730', '2.00000', 1, '637139226648446407.txt', '637139226648446407.bmp', 'analysis', '2020-05-26 12:01:08'),
(487, 90, 1, 3, '2.00000', '2.00000', '0.79270', '1.20730', '2.00000', 1, '637139226648446407.txt', '637139226648446407.bmp', 'analysis', '2020-05-26 12:05:39'),
(488, 90, 2, 3, '2.00000', '2.00000', '0.79270', '1.20730', '2.00000', 1, '637139226648446407.txt', '637139226648446407.bmp', 'analysis', '2020-05-26 12:05:39'),
(489, 90, 3, 3, '2.00000', '2.00000', '0.79270', '1.20730', '2.00000', 1, '637139226648446407.txt', '637139226648446407.bmp', 'analysis', '2020-05-26 12:05:39'),
(490, 90, 4, 3, '2.00000', '2.00000', '0.79270', '1.20730', '2.00000', 1, '637139226648446407.txt', '637139226648446407.bmp', 'analysis', '2020-05-26 12:05:39'),
(491, 93, 1, 0, '0.02000', '0.02000', '0.79270', '-0.77270', '0.00002', 2, '637139226648446407.txt', '637139226648446407.bmp', 'analysis', '2020-06-01 12:49:43'),
(492, 93, 2, 0, '0.05000', '0.05000', '0.79270', '-0.74270', '0.00005', 2, '637139226648446407.txt', '637139226648446407.bmp', 'analysis', '2020-06-01 12:49:43'),
(493, 93, 3, 0, '0.01000', '0.01000', '0.79270', '-0.78270', '0.00010', 2, '637139226648446407.txt', '637139226648446407.bmp', 'analysis', '2020-06-01 12:49:43'),
(494, 93, 4, 0, '100.00000', '100.00000', '0.79270', '99.20730', '0.10000', 2, '637139226648446407.txt', '637139226648446407.bmp', 'analysis', '2020-06-01 12:49:43'),
(495, 94, 1, 0, '1.50000', '1.60000', '0.79270', '0.80730', '1.70000', 1, '637139226648446407.txt', '637139226648446407.bmp', 'analysis', '2020-06-01 12:58:44'),
(496, 94, 2, 0, '2.50000', '2.60000', '0.79270', '1.80730', '2.70000', 1, '637139226648446407.txt', '637139226648446407.bmp', 'analysis', '2020-06-01 12:58:44'),
(497, 94, 3, 0, '3.50000', '3.60000', '0.79270', '2.80730', '3.70000', 1, '637139226648446407.txt', '637139226648446407.bmp', 'analysis', '2020-06-01 12:58:44'),
(498, 96, 1, 0, '0.02000', '0.02000', '9.99994', '-9.97994', '0.00002', 2, '637139226648446407.txt', '637139226648446407.bmp', 'analysis', '2020-06-10 05:44:05'),
(499, 96, 2, 0, '0.05000', '0.05000', '9.99994', '-9.94994', '0.00005', 2, '637139226648446407.txt', '637139226648446407.bmp', 'analysis', '2020-06-10 05:44:05'),
(500, 96, 3, 0, '0.01000', '0.01000', '9.99994', '-9.98994', '0.00010', 2, '637139226648446407.txt', '637139226648446407.bmp', 'analysis', '2020-06-10 05:44:05'),
(501, 96, 4, 0, '100.00000', '100.00000', '9.99994', '90.00006', '0.10000', 2, '637139226648446407.txt', '637139226648446407.bmp', 'analysis', '2020-06-10 05:44:05'),
(502, 96, 5, 0, '200.00000', '200.00000', '9.99994', '190.00006', '0.20000', 2, '637139226648446407.txt', '637139226648446407.bmp', 'analysis', '2020-06-10 05:44:05'),
(503, 96, 1, 0, '151.00000', '0.15600', '9.99994', '-9.84394', '0.00051', 2, '637139226648446407.txt', '637139226648446407.bmp', 'analysis', '2020-06-10 05:44:05'),
(504, 97, 1, 0, '20.00000', '20.00067', '9.99994', '10.00073', '0.02000', 2, '637139226648446407.txt', '637139226648446407.bmp', 'analysis', '2020-06-10 05:55:56'),
(505, 97, 2, 0, '10.00000', '10.00060', '9.99994', '0.00066', '0.01000', 1, '637139226648446407.txt', '637139226648446407.bmp', 'analysis', '2020-06-10 05:55:56'),
(506, 97, 3, 0, '50.00000', '50.00009', '9.99994', '40.00015', '0.05000', 2, '637139226648446407.txt', '637139226648446407.bmp', 'analysis', '2020-06-10 05:55:56'),
(507, 98, 1, 0, '0.02000', '0.02000', '9.99994', '-9.97994', '0.00002', 2, '637139226648446407.txt', '637139226648446407.bmp', 'analysis', '2020-06-10 06:00:32'),
(508, 99, 1, 0, '0.20000', '0.02000', '9.99994', '-9.97994', '0.00020', 2, '637139226648446407.txt', '637139226648446407.bmp', 'analysis', '2020-06-10 06:06:49'),
(509, 99, 2, 0, '0.30000', '0.03000', '9.99994', '-9.96994', '0.00030', 2, '637139226648446407.txt', '637139226648446407.bmp', 'analysis', '2020-06-10 06:06:49'),
(510, 99, 3, 0, '0.50000', '0.05000', '9.99994', '-9.94994', '0.00050', 2, '637139226648446407.txt', '637139226648446407.bmp', 'analysis', '2020-06-10 06:06:49'),
(511, 99, 1, 1, '0.20000', '0.02000', '9.99994', '-9.97994', '0.00020', 2, '637139226648446407.txt', '637139226648446407.bmp', 'analysis', '2020-06-10 06:06:49'),
(512, 99, 2, 1, '0.30000', '0.03000', '9.99994', '-9.96994', '0.00030', 2, '637139226648446407.txt', '637139226648446407.bmp', 'analysis', '2020-06-10 06:06:49'),
(513, 99, 3, 1, '0.50000', '0.05000', '9.99994', '-9.94994', '0.00050', 2, '637139226648446407.txt', '637139226648446407.bmp', 'analysis', '2020-06-10 06:06:49'),
(514, 100, 1, 0, '0.02000', '0.02000', '9.99994', '-9.97994', '0.00002', 2, '637139226648446407.txt', '637139226648446407.bmp', 'analysis', '2020-06-10 06:10:12'),
(515, 103, 1, 0, '0.02000', '0.02000', '0.02680', '-0.00680', '0.00002', 2, '637172057447965701.txt', '637172057447965701.bmp', 'analysis', '2020-06-12 05:52:41'),
(516, 103, 2, 0, '0.05000', '0.05000', '0.02680', '0.02320', '0.00005', 2, '637172057447965701.txt', '637172057447965701.bmp', 'analysis', '2020-06-12 05:52:41'),
(517, 103, 3, 0, '0.01000', '0.01000', '0.02680', '-0.01680', '0.00010', 2, '637172057447965701.txt', '637172057447965701.bmp', 'analysis', '2020-06-12 05:52:41'),
(518, 103, 4, 0, '100.00000', '100.00000', '0.02680', '99.97320', '0.10000', 2, '637172057447965701.txt', '637172057447965701.bmp', 'analysis', '2020-06-12 05:52:41'),
(519, 103, 5, 0, '200.00000', '200.00000', '0.02680', '199.97320', '0.20000', 2, '637172057447965701.txt', '637172057447965701.bmp', 'analysis', '2020-06-12 05:52:41'),
(520, 103, 1, 1, '0.02000', '0.02000', '0.02680', '-0.00680', '0.00002', 2, '637172057447965701.txt', '637172057447965701.bmp', 'analysis', '2020-06-12 05:52:41'),
(521, 103, 2, 1, '0.05000', '0.05000', '0.02680', '0.02320', '0.00005', 2, '637172057447965701.txt', '637172057447965701.bmp', 'analysis', '2020-06-12 05:52:41'),
(522, 103, 3, 1, '0.01000', '0.01000', '0.02680', '-0.01680', '0.00010', 2, '637172057447965701.txt', '637172057447965701.bmp', 'analysis', '2020-06-12 05:52:41'),
(523, 103, 4, 1, '100.00000', '100.00000', '0.02680', '99.97320', '0.10000', 2, '637172057447965701.txt', '637172057447965701.bmp', 'analysis', '2020-06-12 05:52:41'),
(524, 103, 5, 1, '200.00000', '200.00000', '0.02680', '199.97320', '0.20000', 2, '637172057447965701.txt', '637172057447965701.bmp', 'analysis', '2020-06-12 05:52:41'),
(525, 104, 1, 0, '20.00000', '20.00067', '0.02680', '19.97387', '0.02000', 2, '637172057447965701.txt', '637172057447965701.bmp', 'analysis', '2020-06-12 08:45:57'),
(526, 104, 2, 0, '10.00000', '10.00060', '0.02680', '9.97380', '0.01000', 2, '637172057447965701.txt', '637172057447965701.bmp', 'analysis', '2020-06-12 08:45:57'),
(527, 104, 3, 0, '50.00000', '50.00009', '0.02680', '49.97329', '0.05000', 2, '637172057447965701.txt', '637172057447965701.bmp', 'analysis', '2020-06-12 08:45:57'),
(528, 105, 1, 0, '0.02000', '0.02000', '0.02680', '-0.00680', '0.00002', 2, '637172057447965701.txt', '637172057447965701.bmp', 'analysis', '2020-06-12 09:33:08'),
(529, 105, 2, 0, '0.05000', '0.05000', '0.02680', '0.02320', '0.00005', 2, '637172057447965701.txt', '637172057447965701.bmp', 'analysis', '2020-06-12 09:33:08'),
(530, 105, 3, 0, '0.01000', '0.01000', '0.02680', '-0.01680', '0.00010', 2, '637172057447965701.txt', '637172057447965701.bmp', 'analysis', '2020-06-12 09:33:08'),
(531, 105, 4, 0, '100.00000', '100.00000', '0.02680', '99.97320', '0.10000', 2, '637172057447965701.txt', '637172057447965701.bmp', 'analysis', '2020-06-12 09:33:08'),
(532, 105, 5, 0, '200.00000', '200.00000', '0.02680', '199.97320', '0.20000', 2, '637172057447965701.txt', '637172057447965701.bmp', 'analysis', '2020-06-12 09:33:08'),
(533, 106, 1, 0, '0.02000', '0.02000', '0.02680', '-0.00680', '0.00002', 2, '637172057447965701.txt', '637172057447965701.bmp', 'analysis', '2020-06-12 11:59:37'),
(534, 106, 2, 0, '0.05000', '0.05000', '0.02680', '0.02320', '0.00005', 2, '637172057447965701.txt', '637172057447965701.bmp', 'analysis', '2020-06-12 11:59:37'),
(535, 107, 1, 0, '20.00000', '20.00067', '0.02680', '19.97387', '0.02000', 2, '637172057447965701.txt', '637172057447965701.bmp', 'analysis', '2020-06-15 06:11:49'),
(536, 107, 2, 0, '10.00000', '10.00060', '0.02680', '9.97380', '0.01000', 2, '637172057447965701.txt', '637172057447965701.bmp', 'analysis', '2020-06-15 06:11:49'),
(537, 107, 3, 0, '50.00000', '50.00009', '0.02680', '49.97329', '0.05000', 2, '637172057447965701.txt', '637172057447965701.bmp', 'analysis', '2020-06-15 06:11:49'),
(538, 108, 1, 0, '20.00000', '20.00067', '0.02680', '19.97387', '0.02000', 2, '637172057447965701.txt', '637172057447965701.bmp', 'analysis', '2020-06-16 04:12:41'),
(539, 109, 1, 0, '0.02000', '0.02000', '0.02680', '-0.00680', '0.00002', 2, '637172057447965701.txt', '637172057447965701.bmp', 'analysis', '2020-06-16 04:44:58'),
(540, 109, 2, 0, '0.05000', '0.05000', '0.02680', '0.02320', '0.00005', 2, '637172057447965701.txt', '637172057447965701.bmp', 'analysis', '2020-06-16 04:44:58'),
(541, 110, 1, 0, '20.00000', '20.00067', '0.02680', '19.97387', '0.02000', 2, '637172057447965701.txt', '637172057447965701.bmp', 'analysis', '2020-06-17 05:24:27'),
(542, 111, 1, 0, '0.02000', '0.02000', '0.02680', '-0.00680', '0.00002', 2, '637172057447965701.txt', '637172057447965701.bmp', 'analysis', '2020-06-17 06:22:41'),
(543, 112, 1, 0, '0.02000', '0.02000', '0.02680', '-0.00680', '0.00002', 2, '637172057447965701.txt', '637172057447965701.bmp', 'analysis', '2020-06-17 08:19:51'),
(544, 113, 1, 0, '20.00000', '20.00067', '0.02680', '19.97387', '0.02000', 2, '637172057447965701.txt', '637172057447965701.bmp', 'analysis', '2020-06-17 08:54:17'),
(545, 113, 2, 0, '10.00000', '10.00060', '0.02680', '9.97380', '0.01000', 2, '637172057447965701.txt', '637172057447965701.bmp', 'analysis', '2020-06-17 08:54:17'),
(546, 113, 3, 0, '50.00000', '50.00009', '0.02680', '49.97329', '0.05000', 2, '637172057447965701.txt', '637172057447965701.bmp', 'analysis', '2020-06-17 08:54:17'),
(547, 114, 1, 0, '0.02000', '0.02000', '0.02680', '-0.00680', '0.00002', 2, '637172057447965701.txt', '637172057447965701.bmp', 'analysis', '2020-06-17 08:55:12'),
(548, 114, 2, 0, '0.05000', '0.05000', '0.02680', '0.02320', '0.00005', 2, '637172057447965701.txt', '637172057447965701.bmp', 'analysis', '2020-06-17 08:55:12'),
(549, 114, 3, 0, '0.01000', '0.01000', '0.02680', '-0.01680', '0.00010', 2, '637172057447965701.txt', '637172057447965701.bmp', 'analysis', '2020-06-17 08:55:12'),
(550, 114, 4, 0, '100.00000', '100.00000', '0.02680', '99.97320', '0.10000', 2, '637172057447965701.txt', '637172057447965701.bmp', 'analysis', '2020-06-17 08:55:12'),
(551, 114, 5, 0, '200.00000', '200.00000', '0.02680', '199.97320', '0.20000', 2, '637172057447965701.txt', '637172057447965701.bmp', 'analysis', '2020-06-17 08:55:12'),
(552, 114, 1, 0, '151.00000', '0.15600', '0.02680', '-0.00680', '0.00051', 2, '637172057447965701.txt', '637172057447965701.bmp', 'analysis', '2020-06-17 08:55:12'),
(553, 115, 1, 0, '2.00000', '2.00000', '0.02680', '1.97320', '3.00000', 1, '637172057447965701.txt', '637172057447965701.bmp', 'analysis', '2020-06-17 08:57:49'),
(554, 115, 2, 0, '2.00000', '2.00000', '0.02680', '1.97320', '3.00000', 1, '637172057447965701.txt', '637172057447965701.bmp', 'analysis', '2020-06-17 08:57:49'),
(555, 115, 3, 0, '2.00000', '2.00000', '0.02680', '1.97320', '2.00000', 1, '637172057447965701.txt', '637172057447965701.bmp', 'analysis', '2020-06-17 08:57:49'),
(556, 115, 4, 0, '2.00000', '2.00000', '0.02680', '1.97320', '2.00000', 1, '637172057447965701.txt', '637172057447965701.bmp', 'analysis', '2020-06-17 08:57:49'),
(557, 115, 1, 1, '2.00000', '2.00000', '0.02680', '1.97320', '3.00000', 1, '637172057447965701.txt', '637172057447965701.bmp', 'analysis', '2020-06-17 08:57:49'),
(558, 115, 2, 1, '2.00000', '2.00000', '0.02680', '1.97320', '3.00000', 1, '637172057447965701.txt', '637172057447965701.bmp', 'analysis', '2020-06-17 08:57:49'),
(559, 115, 3, 1, '2.00000', '2.00000', '0.02680', '1.97320', '2.00000', 1, '637172057447965701.txt', '637172057447965701.bmp', 'analysis', '2020-06-17 08:57:49'),
(560, 115, 4, 1, '2.00000', '2.00000', '0.02680', '1.97320', '2.00000', 1, '637172057447965701.txt', '637172057447965701.bmp', 'analysis', '2020-06-17 08:57:49'),
(561, 115, 1, 3, '2.00000', '2.00000', '0.02680', '1.97320', '3.00000', 1, '637172057447965701.txt', '637172057447965701.bmp', 'analysis', '2020-06-17 08:59:59'),
(562, 115, 2, 3, '2.00000', '2.00000', '0.02680', '1.97320', '3.00000', 1, '637172057447965701.txt', '637172057447965701.bmp', 'analysis', '2020-06-17 08:59:59'),
(563, 115, 3, 3, '2.00000', '2.00000', '0.02680', '1.97320', '2.00000', 1, '637172057447965701.txt', '637172057447965701.bmp', 'analysis', '2020-06-17 08:59:59'),
(564, 115, 4, 3, '2.00000', '2.00000', '0.02680', '1.97320', '2.00000', 1, '637172057447965701.txt', '637172057447965701.bmp', 'analysis', '2020-06-17 08:59:59'),
(565, 117, 1, 0, '0.02000', '0.02000', '0.02680', '-0.00680', '0.00002', 2, '637172057447965701.txt', '637172057447965701.bmp', 'analysis', '2020-06-17 09:26:15'),
(566, 117, 2, 0, '0.05000', '0.05000', '0.02680', '0.02320', '0.00005', 2, '637172057447965701.txt', '637172057447965701.bmp', 'analysis', '2020-06-17 09:26:15'),
(567, 117, 3, 0, '0.01000', '0.01000', '0.02680', '-0.01680', '0.00010', 2, '637172057447965701.txt', '637172057447965701.bmp', 'analysis', '2020-06-17 09:26:15'),
(568, 117, 4, 0, '100.00000', '100.00000', '0.02680', '99.97320', '0.10000', 2, '637172057447965701.txt', '637172057447965701.bmp', 'analysis', '2020-06-17 09:26:15'),
(569, 117, 5, 0, '200.00000', '200.00000', '0.02680', '199.97320', '0.20000', 2, '637172057447965701.txt', '637172057447965701.bmp', 'analysis', '2020-06-17 09:26:15'),
(570, 117, 1, 1, '0.02000', '0.02000', '0.02680', '-0.00680', '0.00002', 2, '637172057447965701.txt', '637172057447965701.bmp', 'analysis', '2020-06-17 09:26:15'),
(571, 117, 2, 1, '0.05000', '0.05000', '0.02680', '0.02320', '0.00005', 2, '637172057447965701.txt', '637172057447965701.bmp', 'analysis', '2020-06-17 09:26:15'),
(572, 117, 3, 1, '0.01000', '0.01000', '0.02680', '-0.01680', '0.00010', 2, '637172057447965701.txt', '637172057447965701.bmp', 'analysis', '2020-06-17 09:26:15'),
(573, 117, 4, 1, '100.00000', '100.00000', '0.02680', '99.97320', '0.10000', 2, '637172057447965701.txt', '637172057447965701.bmp', 'analysis', '2020-06-17 09:26:15'),
(574, 117, 5, 1, '200.00000', '200.00000', '0.02680', '199.97320', '0.20000', 2, '637172057447965701.txt', '637172057447965701.bmp', 'analysis', '2020-06-17 09:26:15'),
(575, 117, 1, 3, '0.02000', '0.02000', '0.02680', '-0.00680', '0.00002', 2, '637172057447965701.txt', '637172057447965701.bmp', 'analysis', '2020-06-17 09:27:39'),
(576, 117, 2, 3, '0.05000', '0.05000', '0.02680', '0.02320', '0.00005', 2, '637172057447965701.txt', '637172057447965701.bmp', 'analysis', '2020-06-17 09:27:39'),
(577, 117, 3, 3, '0.01000', '0.01000', '0.02680', '-0.01680', '0.00010', 2, '637172057447965701.txt', '637172057447965701.bmp', 'analysis', '2020-06-17 09:27:39'),
(578, 117, 4, 3, '100.00000', '100.00000', '0.02680', '99.97320', '0.10000', 2, '637172057447965701.txt', '637172057447965701.bmp', 'analysis', '2020-06-17 09:27:39'),
(579, 117, 5, 3, '200.00000', '200.00000', '0.02680', '199.97320', '0.20000', 2, '637172057447965701.txt', '637172057447965701.bmp', 'analysis', '2020-06-17 09:27:39'),
(580, 119, 1, 0, '1.00000', '1.00200', '1.00250', '-0.00050', '0.00100', 1, '637172057447965701.txt', '637172057447965701.bmp', 'analysis', '2020-06-17 11:02:28'),
(581, 119, 2, 0, '2.00000', '2.00500', '2.00400', '0.00100', '0.00200', 1, '637172057447965701.txt', '637172057447965701.bmp', 'analysis', '2020-06-17 11:02:28'),
(582, 119, 3, 0, '5.00000', '5.00500', '5.00200', '0.00300', '0.00500', 1, '637172057447965701.txt', '637172057447965701.bmp', 'analysis', '2020-06-17 11:02:28'),
(583, 119, 4, 0, '10.00000', '10.00100', '10.00310', '-0.00210', '0.01000', 1, '637172057447965701.txt', '637172057447965701.bmp', 'analysis', '2020-06-17 11:02:28'),
(584, 119, 5, 0, '20.00000', '19.99100', '20.00210', '-0.01110', '0.02000', 1, '637172057447965701.txt', '637172057447965701.bmp', 'analysis', '2020-06-17 11:02:28'),
(585, 119, 6, 0, '50.00000', '49.99900', '50.00420', '-0.00520', '0.05000', 1, '637172057447965701.txt', '637172057447965701.bmp', 'analysis', '2020-06-17 11:02:28'),
(586, 121, 1, 0, '10.00000', '10.00006', '9.99995', '0.00011', '0.01000', 1, '637172057447965701.txt', '637172057447965701.bmp', 'analysis', '2020-06-17 11:59:27'),
(587, 121, 2, 0, '20.00000', '20.00007', '19.99993', '0.00014', '0.02000', 1, '637172057447965701.txt', '637172057447965701.bmp', 'analysis', '2020-06-17 11:59:27'),
(588, 121, 3, 0, '50.00000', '50.00009', '49.99998', '0.00011', '0.05000', 1, '637172057447965701.txt', '637172057447965701.bmp', 'analysis', '2020-06-17 11:59:27'),
(589, 121, 4, 0, '100.00000', '100.00015', '100.00012', '0.00003', '0.10000', 1, '637172057447965701.txt', '637172057447965701.bmp', 'analysis', '2020-06-17 11:59:27'),
(590, 121, 5, 0, '200.00000', '200.00008', '200.00000', '0.00008', '0.20000', 1, '637172057447965701.txt', '637172057447965701.bmp', 'analysis', '2020-06-17 11:59:27'),
(591, 121, 1, 1, '10.00000', '10.00006', '9.99992', '0.00014', '0.01000', 1, '637172057447965701.txt', '637172057447965701.bmp', 'analysis', '2020-06-17 11:59:27'),
(592, 121, 2, 1, '20.00000', '20.00007', '19.99987', '0.00020', '0.02000', 1, '637172057447965701.txt', '637172057447965701.bmp', 'analysis', '2020-06-17 11:59:27'),
(593, 121, 3, 1, '50.00000', '50.00009', '49.99996', '0.00013', '0.05000', 1, '637172057447965701.txt', '637172057447965701.bmp', 'analysis', '2020-06-17 11:59:27'),
(594, 121, 4, 1, '100.00000', '100.00015', '100.00015', '0.00000', '0.10000', 1, '637172057447965701.txt', '637172057447965701.bmp', 'analysis', '2020-06-17 11:59:27'),
(595, 121, 5, 1, '200.00000', '200.00008', '200.00010', '-0.00002', '0.20000', 1, '637172057447965701.txt', '637172057447965701.bmp', 'analysis', '2020-06-17 11:59:27'),
(596, 121, 1, 3, '10.00000', '10.00006', '0.00000', '10.00006', '0.01000', 2, '637172057447965701.txt', '637172057447965701.bmp', 'analysis', '2020-06-17 12:18:54'),
(597, 121, 2, 3, '20.00000', '20.00007', '0.00000', '20.00007', '0.02000', 2, '637172057447965701.txt', '637172057447965701.bmp', 'analysis', '2020-06-17 12:18:54'),
(598, 121, 3, 3, '50.00000', '50.00009', '0.00000', '50.00009', '0.05000', 2, '637172057447965701.txt', '637172057447965701.bmp', 'analysis', '2020-06-17 12:18:54'),
(599, 121, 4, 3, '100.00000', '100.00015', '0.00000', '100.00015', '0.10000', 2, '637172057447965701.txt', '637172057447965701.bmp', 'analysis', '2020-06-17 12:18:54'),
(600, 121, 5, 3, '200.00000', '200.00008', '0.00000', '200.00008', '0.20000', 2, '637172057447965701.txt', '637172057447965701.bmp', 'analysis', '2020-06-17 12:18:54'),
(601, 123, 1, 0, '0.02000', '0.02000', '0.00000', '0.02000', '0.00002', 2, '637172057447965701.txt', '637172057447965701.bmp', 'analysis', '2020-06-18 03:56:47'),
(602, 124, 1, 0, '20.00000', '20.00067', '0.00000', '20.00067', '0.02000', 2, '637172057447965701.txt', '637172057447965701.bmp', 'analysis', '2020-06-18 08:39:14'),
(603, 125, 1, 0, '0.02000', '0.02000', '0.00000', '0.02000', '0.00002', 2, '637172057447965701.txt', '637172057447965701.bmp', 'analysis', '2020-06-18 10:07:46'),
(604, 126, 1, 0, '1.00000', '1.00200', '1.00250', '-0.00050', '0.00100', 1, '637172057447965701.txt', '637172057447965701.bmp', 'analysis', '2020-06-19 06:33:31'),
(605, 126, 2, 0, '2.00000', '2.00500', '2.00400', '0.00100', '0.00200', 1, '637172057447965701.txt', '637172057447965701.bmp', 'analysis', '2020-06-19 06:33:31'),
(606, 126, 3, 0, '5.00000', '5.00500', '5.00200', '0.00300', '0.00500', 1, '637172057447965701.txt', '637172057447965701.bmp', 'analysis', '2020-06-19 06:33:31'),
(607, 126, 4, 0, '10.00000', '10.00100', '10.00310', '-0.00210', '0.01000', 1, '637172057447965701.txt', '637172057447965701.bmp', 'analysis', '2020-06-19 06:33:31'),
(608, 126, 5, 0, '20.00000', '19.99100', '20.00210', '-0.01110', '0.02000', 1, '637172057447965701.txt', '637172057447965701.bmp', 'analysis', '2020-06-19 06:33:31'),
(609, 126, 6, 0, '50.00000', '49.99900', '50.00420', '-0.00520', '0.05000', 1, '637172057447965701.txt', '637172057447965701.bmp', 'analysis', '2020-06-19 06:33:31'),
(610, 127, 1, 0, '10.00000', '10.00006', '9.99995', '0.00011', '0.01000', 1, '637172057447965701.txt', '637172057447965701.bmp', 'analysis', '2020-06-19 06:47:33'),
(611, 127, 2, 0, '20.00000', '20.00007', '19.99993', '0.00014', '0.02000', 1, '637172057447965701.txt', '637172057447965701.bmp', 'analysis', '2020-06-19 06:47:33'),
(612, 127, 3, 0, '50.00000', '50.00009', '49.99998', '0.00011', '0.05000', 1, '637172057447965701.txt', '637172057447965701.bmp', 'analysis', '2020-06-19 06:47:33'),
(613, 127, 4, 0, '100.00000', '100.00015', '100.00012', '0.00003', '0.10000', 1, '637172057447965701.txt', '637172057447965701.bmp', 'analysis', '2020-06-19 06:47:33'),
(614, 127, 5, 0, '200.00000', '200.00008', '200.00000', '0.00008', '0.20000', 1, '637172057447965701.txt', '637172057447965701.bmp', 'analysis', '2020-06-19 06:47:33'),
(615, 127, 1, 1, '10.00000', '10.00006', '9.99992', '0.00014', '0.01000', 1, '637172057447965701.txt', '637172057447965701.bmp', 'analysis', '2020-06-19 06:47:33'),
(616, 127, 2, 1, '20.00000', '20.00007', '19.99987', '0.00020', '0.02000', 1, '637172057447965701.txt', '637172057447965701.bmp', 'analysis', '2020-06-19 06:47:33'),
(617, 127, 3, 1, '50.00000', '50.00009', '49.99996', '0.00013', '0.05000', 1, '637172057447965701.txt', '637172057447965701.bmp', 'analysis', '2020-06-19 06:47:33'),
(618, 127, 4, 1, '100.00000', '100.00015', '100.00015', '0.00000', '0.10000', 1, '637172057447965701.txt', '637172057447965701.bmp', 'analysis', '2020-06-19 06:47:33'),
(619, 127, 5, 1, '200.00000', '200.00008', '200.00010', '-0.00002', '0.20000', 1, '637172057447965701.txt', '637172057447965701.bmp', 'analysis', '2020-06-19 06:47:33'),
(620, 128, 1, 0, '1.00000', '1.00200', '1.00250', '-0.00050', '0.00100', 1, '637172057447965701.txt', '637172057447965701.bmp', 'analysis', '2020-06-19 08:11:02'),
(621, 128, 2, 0, '2.00000', '2.00500', '2.00400', '0.00100', '0.00200', 1, '637172057447965701.txt', '637172057447965701.bmp', 'analysis', '2020-06-19 08:11:02'),
(622, 128, 3, 0, '5.00000', '5.00500', '5.00200', '0.00300', '0.00500', 1, '637172057447965701.txt', '637172057447965701.bmp', 'analysis', '2020-06-19 08:11:02'),
(623, 128, 4, 0, '10.00000', '10.00100', '10.00310', '-0.00210', '0.01000', 1, '637172057447965701.txt', '637172057447965701.bmp', 'analysis', '2020-06-19 08:11:02'),
(624, 128, 5, 0, '20.00000', '19.99100', '20.00210', '-0.01110', '0.02000', 1, '637172057447965701.txt', '637172057447965701.bmp', 'analysis', '2020-06-19 08:11:02'),
(625, 128, 6, 0, '50.00000', '49.99900', '50.00420', '-0.00520', '0.05000', 1, '637172057447965701.txt', '637172057447965701.bmp', 'analysis', '2020-06-19 08:11:02'),
(626, 130, 1, 0, '0.02000', '0.02000', '49.99993', '-49.97993', '0.00002', 2, '637172057447965701.txt', '637172057447965701.bmp', 'analysis', '2020-06-19 08:34:40'),
(627, 130, 2, 0, '0.05000', '0.05000', '49.99993', '-49.94993', '0.00005', 2, '637172057447965701.txt', '637172057447965701.bmp', 'analysis', '2020-06-19 08:34:40'),
(628, 130, 3, 0, '0.01000', '0.01000', '49.99993', '-49.98993', '0.00010', 2, '637172057447965701.txt', '637172057447965701.bmp', 'analysis', '2020-06-19 08:34:40'),
(629, 130, 4, 0, '100.00000', '100.00000', '49.99993', '50.00007', '0.10000', 2, '637172057447965701.txt', '637172057447965701.bmp', 'analysis', '2020-06-19 08:34:40'),
(630, 130, 5, 0, '200.00000', '200.00000', '49.99993', '150.00007', '0.20000', 2, '637172057447965701.txt', '637172057447965701.bmp', 'analysis', '2020-06-19 08:34:40'),
(631, 130, 1, 1, '0.02000', '0.02000', '49.99993', '-49.97993', '0.00002', 2, '637172057447965701.txt', '637172057447965701.bmp', 'analysis', '2020-06-19 08:34:40'),
(632, 130, 2, 1, '0.05000', '0.05000', '49.99993', '-49.94993', '0.00005', 2, '637172057447965701.txt', '637172057447965701.bmp', 'analysis', '2020-06-19 08:34:40'),
(633, 130, 3, 1, '0.01000', '0.01000', '49.99993', '-49.98993', '0.00010', 2, '637172057447965701.txt', '637172057447965701.bmp', 'analysis', '2020-06-19 08:34:40'),
(634, 130, 4, 1, '100.00000', '100.00000', '49.99993', '50.00007', '0.10000', 2, '637172057447965701.txt', '637172057447965701.bmp', 'analysis', '2020-06-19 08:34:40');
INSERT INTO `calibrationline` (`RecId`, `RefRecId`, `LineId`, `Type`, `StWeight`, `CertWeight`, `DispWeight`, `DiffWeight`, `AccpWeight`, `Result`, `Tfile`, `Ifile`, `CreatedBy`, `CreatedDate`) VALUES
(635, 130, 5, 1, '200.00000', '200.00000', '49.99993', '150.00007', '0.20000', 2, '637172057447965701.txt', '637172057447965701.bmp', 'analysis', '2020-06-19 08:34:40'),
(636, 131, 1, 0, '0.02000', '0.02000', '49.99993', '-49.97993', '0.00002', 2, '637172057447965701.txt', '637172057447965701.bmp', 'analysis', '2020-06-22 04:00:15'),
(637, 132, 1, 0, '1.00000', '1.00200', '49.99993', '-48.99793', '0.00100', 2, '637172057447965701.txt', '637172057447965701.bmp', 'analysis', '2020-06-30 06:29:18'),
(638, 132, 2, 0, '2.00000', '2.00500', '49.99993', '-47.99493', '0.00200', 2, '637172057447965701.txt', '637172057447965701.bmp', 'analysis', '2020-06-30 06:29:18'),
(639, 132, 3, 0, '5.00000', '5.00500', '49.99993', '-44.99493', '0.00500', 2, '637172057447965701.txt', '637172057447965701.bmp', 'analysis', '2020-06-30 06:29:18'),
(640, 132, 4, 0, '10.00000', '10.00100', '49.99993', '-39.99893', '0.01000', 2, '637172057447965701.txt', '637172057447965701.bmp', 'analysis', '2020-06-30 06:29:18'),
(641, 132, 5, 0, '20.00000', '19.99100', '49.99993', '-30.00893', '0.02000', 2, '637172057447965701.txt', '637172057447965701.bmp', 'analysis', '2020-06-30 06:29:18'),
(642, 132, 6, 0, '50.00000', '49.99900', '49.99993', '-0.00093', '0.05000', 1, '637172057447965701.txt', '637172057447965701.bmp', 'analysis', '2020-06-30 06:29:18'),
(643, 133, 1, 0, '1.00000', '1.00200', '49.99993', '-48.99793', '0.00100', 2, '637172057447965701.txt', '637172057447965701.bmp', 'analysis', '2020-06-30 06:33:52'),
(644, 133, 2, 0, '2.00000', '2.00500', '49.99993', '-47.99493', '0.00200', 2, '637172057447965701.txt', '637172057447965701.bmp', 'analysis', '2020-06-30 06:33:52'),
(645, 133, 3, 0, '5.00000', '5.00500', '49.99993', '-44.99493', '0.00500', 2, '637172057447965701.txt', '637172057447965701.bmp', 'analysis', '2020-06-30 06:33:52'),
(646, 133, 4, 0, '10.00000', '10.00100', '49.99993', '-39.99893', '0.01000', 2, '637172057447965701.txt', '637172057447965701.bmp', 'analysis', '2020-06-30 06:33:52'),
(647, 133, 5, 0, '20.00000', '19.99100', '49.99993', '-30.00893', '0.02000', 2, '637172057447965701.txt', '637172057447965701.bmp', 'analysis', '2020-06-30 06:33:52'),
(648, 133, 6, 0, '50.00000', '49.99900', '49.99993', '-0.00093', '0.05000', 1, '637172057447965701.txt', '637172057447965701.bmp', 'analysis', '2020-06-30 06:33:52'),
(649, 134, 1, 0, '10.00000', '10.00006', '49.99993', '-39.99987', '0.01000', 2, '637172057447965701.txt', '637172057447965701.bmp', 'analysis', '2020-06-30 06:35:11'),
(650, 134, 2, 0, '20.00000', '20.00007', '49.99993', '-29.99986', '0.02000', 2, '637172057447965701.txt', '637172057447965701.bmp', 'analysis', '2020-06-30 06:35:11'),
(651, 134, 3, 0, '50.00000', '50.00009', '49.99993', '0.00016', '0.05000', 1, '637172057447965701.txt', '637172057447965701.bmp', 'analysis', '2020-06-30 06:35:11'),
(652, 134, 4, 0, '100.00000', '100.00015', '49.99993', '50.00022', '0.10000', 2, '637172057447965701.txt', '637172057447965701.bmp', 'analysis', '2020-06-30 06:35:11'),
(653, 134, 5, 0, '200.00000', '200.00008', '49.99993', '150.00015', '0.20000', 2, '637172057447965701.txt', '637172057447965701.bmp', 'analysis', '2020-06-30 06:35:11'),
(654, 134, 1, 1, '10.00000', '10.00006', '49.99993', '-39.99987', '0.01000', 2, '637172057447965701.txt', '637172057447965701.bmp', 'analysis', '2020-06-30 06:35:11'),
(655, 134, 2, 1, '20.00000', '20.00007', '49.99993', '-29.99986', '0.02000', 2, '637172057447965701.txt', '637172057447965701.bmp', 'analysis', '2020-06-30 06:35:11'),
(656, 134, 3, 1, '50.00000', '50.00009', '49.99993', '0.00016', '0.05000', 1, '637172057447965701.txt', '637172057447965701.bmp', 'analysis', '2020-06-30 06:35:11'),
(657, 134, 4, 1, '100.00000', '100.00015', '49.99993', '50.00022', '0.10000', 2, '637172057447965701.txt', '637172057447965701.bmp', 'analysis', '2020-06-30 06:35:11'),
(658, 134, 5, 1, '200.00000', '200.00008', '49.99993', '150.00015', '0.20000', 2, '637172057447965701.txt', '637172057447965701.bmp', 'analysis', '2020-06-30 06:35:11');

-- --------------------------------------------------------

--
-- Table structure for table `calibrationlineobsmass`
--

CREATE TABLE `calibrationlineobsmass` (
  `RecId` bigint(20) NOT NULL,
  `RefRecId` bigint(20) NOT NULL,
  `LineId` bigint(20) NOT NULL,
  `Type` int(11) NOT NULL,
  `StWeight` decimal(28,5) NOT NULL,
  `ObsMass` decimal(28,5) NOT NULL,
  `Tfile` varchar(250) NOT NULL,
  `Ifile` varchar(250) NOT NULL,
  `CreatedBy` varchar(70) NOT NULL,
  `CreatedDate` timestamp NOT NULL DEFAULT current_timestamp()
) ENGINE=InnoDB DEFAULT CHARSET=utf8mb4;

--
-- Dumping data for table `calibrationlineobsmass`
--

INSERT INTO `calibrationlineobsmass` (`RecId`, `RefRecId`, `LineId`, `Type`, `StWeight`, `ObsMass`, `Tfile`, `Ifile`, `CreatedBy`, `CreatedDate`) VALUES
(1, 41, 1, 0, '9.99994', '8.00000', '', '', 'analysis', '2020-04-24 11:07:24'),
(2, 41, 2, 0, '9.99997', '2.00000', '', '', 'analysis', '2020-04-24 11:07:24'),
(3, 41, 3, 0, '9.99996', '3.00000', '', '', 'analysis', '2020-04-24 11:07:24'),
(4, 42, 1, 0, '0.20000', '10.00000', '', '', 'analysis', '2020-04-25 06:45:48'),
(5, 42, 2, 0, '0.50000', '2.00000', '', '', 'analysis', '2020-04-25 06:45:48'),
(6, 42, 3, 0, '0.80000', '2.00000', '', '', 'analysis', '2020-04-25 06:45:48'),
(7, 44, 1, 0, '0.20000', '5.00000', '', '', 'analysis', '2020-04-27 08:41:25'),
(8, 44, 2, 0, '0.30000', '2.00000', '', '', 'analysis', '2020-04-27 08:41:25'),
(9, 44, 3, 0, '0.40000', '3.00000', '', '', 'analysis', '2020-04-27 08:41:25'),
(10, 49, 1, 0, '0.20000', '2.79270', '', '', 'analysis', '2020-04-28 13:28:31'),
(11, 49, 2, 0, '0.30000', '2.79270', '', '', 'analysis', '2020-04-28 13:28:31'),
(12, 49, 3, 0, '0.40000', '2.79270', '', '', 'analysis', '2020-04-28 13:28:31'),
(13, 51, 1, 0, '0.20000', '2.79270', '', '', 'analysis', '2020-04-29 06:44:48'),
(14, 51, 2, 0, '0.30000', '2.79270', '', '', 'analysis', '2020-04-29 06:44:48'),
(15, 51, 3, 0, '0.40000', '2.79270', '', '', 'analysis', '2020-04-29 06:44:48'),
(16, 52, 1, 0, '9.99994', '2.79270', '', '', 'analysis', '2020-04-30 05:47:25'),
(17, 52, 2, 0, '9.99993', '2.79270', '', '', 'analysis', '2020-04-30 05:47:25'),
(18, 52, 3, 0, '9.99994', '2.79270', '', '', 'analysis', '2020-04-30 05:47:25'),
(19, 53, 1, 0, '0.20000', '2.79270', '', '', 'analysis', '2020-04-30 07:14:27'),
(20, 53, 2, 0, '0.30000', '2.79270', '', '', 'analysis', '2020-04-30 07:14:27'),
(21, 53, 3, 0, '0.40000', '2.79270', '', '', 'analysis', '2020-04-30 07:14:27'),
(34, 68, 1, 0, '0.20000', '1.79270', '637139226648446407.txt', '637139226648446407.bmp', 'analysis', '2020-05-07 10:29:22'),
(35, 68, 2, 0, '0.30000', '4.79130', '637139226052210585.txt', '637139226052210585.bmp', 'analysis', '2020-05-07 10:29:22'),
(36, 68, 3, 0, '0.40000', '1.79270', '637139226648446407.txt', '637139226648446407.bmp', 'analysis', '2020-05-07 10:29:22'),
(40, 69, 1, 0, '0.20000', '1.79270', '637139226648446407.txt', '637139226648446407.bmp', 'analysis', '2020-05-11 04:55:04'),
(41, 69, 2, 0, '0.30000', '1.79270', '637139226648446407.txt', '637139226648446407.bmp', 'analysis', '2020-05-11 04:55:04'),
(42, 69, 3, 0, '0.40000', '1.79270', '637139226648446407.txt', '637139226648446407.bmp', 'analysis', '2020-05-11 04:55:04'),
(43, 70, 1, 0, '9.99994', '1.79270', '637139226648446407.txt', '637139226648446407.bmp', 'analysis', '2020-05-11 04:58:39'),
(44, 70, 2, 0, '9.99993', '1.79270', '637139226648446407.txt', '637139226648446407.bmp', 'analysis', '2020-05-11 04:58:39'),
(45, 70, 3, 0, '9.99994', '1.79270', '637139226648446407.txt', '637139226648446407.bmp', 'analysis', '2020-05-11 04:58:39'),
(46, 71, 1, 0, '0.20000', '1.79270', '637139226648446407.txt', '637139226648446407.bmp', 'analysis', '2020-05-14 07:47:25'),
(47, 71, 2, 0, '0.30000', '1.79270', '637139226648446407.txt', '637139226648446407.bmp', 'analysis', '2020-05-14 07:47:25'),
(48, 71, 3, 0, '0.40000', '1.79270', '637139226648446407.txt', '637139226648446407.bmp', 'analysis', '2020-05-14 07:47:25'),
(49, 72, 1, 0, '9.99994', '9.99993', '637139226052210585.txt', '637139226052210585.bmp', 'analysis', '2020-05-15 20:04:33'),
(50, 72, 2, 0, '9.99994', '9.99993', '637139226052210585.txt', '637139226052210585.bmp', 'analysis', '2020-05-15 20:04:33'),
(51, 72, 3, 0, '9.99993', '9.99994', '637139226052210585.txt', '637139226052210585.bmp', 'analysis', '2020-05-15 20:04:33'),
(52, 72, 4, 0, '9.99994', '9.99994', '637139226052210585.txt', '637139226052210585.bmp', 'analysis', '2020-05-15 20:04:33'),
(53, 72, 5, 0, '9.99994', '9.99994', '637139226052210585.txt', '637139226052210585.bmp', 'analysis', '2020-05-15 20:04:33'),
(54, 72, 6, 0, '9.99993', '9.99994', '637139226052210585.txt', '637139226052210585.bmp', 'analysis', '2020-05-15 20:04:33'),
(55, 72, 7, 0, '9.99994', '9.99994', '637139226052210585.txt', '637139226052210585.bmp', 'analysis', '2020-05-15 20:04:33'),
(56, 72, 8, 0, '9.99994', '9.99994', '637139226052210585.txt', '637139226052210585.bmp', 'analysis', '2020-05-15 20:04:33'),
(57, 72, 9, 0, '9.99994', '9.99994', '637139226052210585.txt', '637139226052210585.bmp', 'analysis', '2020-05-15 20:04:33'),
(58, 72, 10, 0, '9.99993', '9.99994', '637139226052210585.txt', '637139226052210585.bmp', 'analysis', '2020-05-15 20:04:33'),
(59, 73, 1, 0, '10.00000', '4.99991', '637139226052210585.txt', '637139226052210585.bmp', 'analysis', '2020-05-16 08:36:06'),
(60, 73, 2, 0, '10.00000', '4.99995', '637139226052210585.txt', '637139226052210585.bmp', 'analysis', '2020-05-16 08:36:06'),
(61, 73, 3, 0, '10.00000', '4.99991', '637139226052210585.txt', '637139226052210585.bmp', 'analysis', '2020-05-16 08:36:06'),
(62, 77, 1, 0, '10.00000', '4.99991', '637139226052210585.txt', '637139226052210585.bmp', 'analysis', '2020-05-19 05:33:33'),
(63, 77, 2, 0, '10.00000', '4.99991', '637139226052210585.txt', '637139226052210585.bmp', 'analysis', '2020-05-19 05:33:33'),
(64, 77, 3, 0, '10.00000', '4.99991', '637139226052210585.txt', '637139226052210585.bmp', 'analysis', '2020-05-19 05:33:33'),
(65, 80, 1, 0, '9.99994', '4.99991', '637139226052210585.txt', '637139226052210585.bmp', 'analysis', '2020-05-19 09:36:57'),
(66, 80, 2, 0, '9.99994', '4.99991', '637139226052210585.txt', '637139226052210585.bmp', 'analysis', '2020-05-19 09:36:57'),
(67, 80, 3, 0, '9.99993', '4.99991', '637139226052210585.txt', '637139226052210585.bmp', 'analysis', '2020-05-19 09:36:57'),
(68, 80, 4, 0, '9.99994', '4.99991', '637139226052210585.txt', '637139226052210585.bmp', 'analysis', '2020-05-19 09:36:57'),
(69, 80, 5, 0, '9.99994', '4.99991', '637139226052210585.txt', '637139226052210585.bmp', 'analysis', '2020-05-19 09:36:57'),
(70, 82, 1, 0, '9.99994', '4.99991', '637139226052210585.txt', '637139226052210585.bmp', 'analysis', '2020-05-20 06:46:14'),
(71, 82, 2, 0, '9.99994', '4.99991', '637139226052210585.txt', '637139226052210585.bmp', 'analysis', '2020-05-20 06:46:14'),
(72, 82, 3, 0, '9.99993', '4.99991', '637139226052210585.txt', '637139226052210585.bmp', 'analysis', '2020-05-20 06:46:14'),
(73, 82, 4, 0, '9.99994', '4.99991', '637139226052210585.txt', '637139226052210585.bmp', 'analysis', '2020-05-20 06:46:14'),
(74, 82, 5, 0, '9.99994', '4.99991', '637139226052210585.txt', '637139226052210585.bmp', 'analysis', '2020-05-20 06:46:14'),
(75, 82, 6, 0, '9.99993', '4.99991', '637139226052210585.txt', '637139226052210585.bmp', 'analysis', '2020-05-20 06:46:14'),
(76, 82, 7, 0, '9.99994', '4.99991', '637139226052210585.txt', '637139226052210585.bmp', 'analysis', '2020-05-20 06:46:14'),
(77, 82, 8, 0, '9.99994', '4.99991', '637139226052210585.txt', '637139226052210585.bmp', 'analysis', '2020-05-20 06:46:14'),
(78, 82, 9, 0, '9.99994', '4.99991', '637139226052210585.txt', '637139226052210585.bmp', 'analysis', '2020-05-20 06:46:14'),
(79, 82, 10, 0, '9.99993', '4.99991', '637139226052210585.txt', '637139226052210585.bmp', 'analysis', '2020-05-20 06:46:14'),
(80, 83, 1, 0, '9.99994', '4.99991', '637139226052210585.txt', '637139226052210585.bmp', 'analysis', '2020-05-21 05:16:02'),
(81, 83, 2, 0, '9.99994', '4.99991', '637139226052210585.txt', '637139226052210585.bmp', 'analysis', '2020-05-21 05:16:02'),
(82, 83, 3, 0, '9.99993', '4.99991', '637139226052210585.txt', '637139226052210585.bmp', 'analysis', '2020-05-21 05:16:02'),
(83, 83, 4, 0, '9.99994', '4.99991', '637139226052210585.txt', '637139226052210585.bmp', 'analysis', '2020-05-21 05:16:02'),
(84, 83, 5, 0, '9.99994', '4.99991', '637139226052210585.txt', '637139226052210585.bmp', 'analysis', '2020-05-21 05:16:02'),
(85, 83, 6, 0, '9.99993', '4.99991', '637139226052210585.txt', '637139226052210585.bmp', 'analysis', '2020-05-21 05:16:02'),
(86, 83, 7, 0, '9.99994', '4.99991', '637139226052210585.txt', '637139226052210585.bmp', 'analysis', '2020-05-21 05:16:02'),
(87, 83, 8, 0, '9.99994', '4.99991', '637139226052210585.txt', '637139226052210585.bmp', 'analysis', '2020-05-21 05:16:02'),
(88, 83, 9, 0, '9.99994', '4.99991', '637139226052210585.txt', '637139226052210585.bmp', 'analysis', '2020-05-21 05:16:02'),
(89, 83, 10, 0, '9.99993', '4.99991', '637139226052210585.txt', '637139226052210585.bmp', 'analysis', '2020-05-21 05:16:02'),
(90, 83, 1, 0, '9.99994', '4.99991', '637139226052210585.txt', '637139226052210585.bmp', 'analysis', '2020-05-21 05:18:09'),
(91, 83, 2, 0, '9.99994', '4.99991', '637139226052210585.txt', '637139226052210585.bmp', 'analysis', '2020-05-21 05:18:09'),
(92, 83, 3, 0, '9.99993', '4.99991', '637139226052210585.txt', '637139226052210585.bmp', 'analysis', '2020-05-21 05:18:09'),
(93, 83, 4, 0, '9.99994', '4.99991', '637139226052210585.txt', '637139226052210585.bmp', 'analysis', '2020-05-21 05:18:09'),
(94, 83, 5, 0, '9.99994', '4.99991', '637139226052210585.txt', '637139226052210585.bmp', 'analysis', '2020-05-21 05:18:09'),
(95, 83, 6, 0, '9.99993', '4.99991', '637139226052210585.txt', '637139226052210585.bmp', 'analysis', '2020-05-21 05:18:09'),
(96, 83, 7, 0, '9.99994', '4.99991', '637139226052210585.txt', '637139226052210585.bmp', 'analysis', '2020-05-21 05:18:09'),
(97, 83, 8, 0, '9.99994', '4.99991', '637139226052210585.txt', '637139226052210585.bmp', 'analysis', '2020-05-21 05:18:09'),
(98, 83, 9, 0, '9.99994', '4.99991', '637139226052210585.txt', '637139226052210585.bmp', 'analysis', '2020-05-21 05:18:09'),
(99, 83, 10, 0, '9.99993', '4.99991', '637139226052210585.txt', '637139226052210585.bmp', 'analysis', '2020-05-21 05:18:09'),
(100, 84, 1, 0, '9.99994', '0.79270', '637139226648446407.txt', '637139226648446407.bmp', 'analysis', '2020-05-25 09:49:38'),
(101, 84, 2, 0, '9.99994', '3.99991', '637139226052210585.txt', '637139226052210585.bmp', 'analysis', '2020-05-25 09:49:38'),
(102, 84, 3, 0, '9.99993', '3.99991', '637139226052210585.txt', '637139226052210585.bmp', 'analysis', '2020-05-25 09:49:38'),
(103, 84, 4, 0, '9.99994', '3.99991', '637139226052210585.txt', '637139226052210585.bmp', 'analysis', '2020-05-25 09:49:38'),
(104, 84, 5, 0, '9.99994', '3.99991', '637139226052210585.txt', '637139226052210585.bmp', 'analysis', '2020-05-25 09:49:38'),
(105, 84, 6, 0, '9.99993', '0.79270', '637139226648446407.txt', '637139226648446407.bmp', 'analysis', '2020-05-25 09:49:38'),
(106, 84, 7, 0, '9.99994', '3.99991', '637139226052210585.txt', '637139226052210585.bmp', 'analysis', '2020-05-25 09:49:38'),
(107, 84, 8, 0, '9.99994', '3.99991', '637139226052210585.txt', '637139226052210585.bmp', 'analysis', '2020-05-25 09:49:38'),
(108, 84, 9, 0, '9.99994', '3.99991', '637139226052210585.txt', '637139226052210585.bmp', 'analysis', '2020-05-25 09:49:38'),
(109, 84, 10, 0, '9.99993', '3.99991', '637139226052210585.txt', '637139226052210585.bmp', 'analysis', '2020-05-25 09:49:38'),
(110, 87, 1, 0, '0.20000', '0.79270', '637139226648446407.txt', '637139226648446407.bmp', 'analysis', '2020-05-26 05:14:29'),
(111, 87, 2, 0, '0.50000', '0.79270', '637139226648446407.txt', '637139226648446407.bmp', 'analysis', '2020-05-26 05:14:29'),
(112, 88, 1, 0, '9.99994', '0.79270', '637139226648446407.txt', '637139226648446407.bmp', 'analysis', '2020-05-26 05:18:11'),
(113, 88, 3, 0, '9.99993', '0.79270', '637139226648446407.txt', '637139226648446407.bmp', 'analysis', '2020-05-26 05:18:11'),
(114, 88, 4, 0, '9.99994', '0.79270', '637139226648446407.txt', '637139226648446407.bmp', 'analysis', '2020-05-26 05:18:11'),
(115, 88, 5, 0, '9.99994', '0.79270', '637139226648446407.txt', '637139226648446407.bmp', 'analysis', '2020-05-26 05:18:11'),
(116, 88, 6, 0, '9.99993', '0.79270', '637139226648446407.txt', '637139226648446407.bmp', 'analysis', '2020-05-26 05:18:11'),
(117, 88, 7, 0, '9.99994', '0.79270', '637139226648446407.txt', '637139226648446407.bmp', 'analysis', '2020-05-26 05:18:11'),
(118, 88, 8, 0, '9.99994', '0.79270', '637139226648446407.txt', '637139226648446407.bmp', 'analysis', '2020-05-26 05:18:11'),
(119, 88, 9, 0, '9.99994', '0.79270', '637139226648446407.txt', '637139226648446407.bmp', 'analysis', '2020-05-26 05:18:11'),
(120, 88, 10, 0, '9.99993', '0.79270', '637139226648446407.txt', '637139226648446407.bmp', 'analysis', '2020-05-26 05:18:11'),
(121, 90, 1, 0, '0.25000', '0.79270', '637139226648446407.txt', '637139226648446407.bmp', 'analysis', '2020-05-26 12:02:51'),
(122, 91, 1, 0, '9.99994', '0.79270', '637139226648446407.txt', '637139226648446407.bmp', 'analysis', '2020-05-26 12:08:02'),
(123, 91, 2, 0, '9.99994', '0.79270', '637139226648446407.txt', '637139226648446407.bmp', 'analysis', '2020-05-26 12:08:02'),
(124, 91, 3, 0, '9.99993', '0.79270', '637139226648446407.txt', '637139226648446407.bmp', 'analysis', '2020-05-26 12:08:02'),
(125, 91, 4, 0, '9.99994', '0.79270', '637139226648446407.txt', '637139226648446407.bmp', 'analysis', '2020-05-26 12:08:02'),
(126, 91, 5, 0, '9.99994', '0.79270', '637139226648446407.txt', '637139226648446407.bmp', 'analysis', '2020-05-26 12:08:02'),
(127, 91, 6, 0, '9.99993', '0.79270', '637139226648446407.txt', '637139226648446407.bmp', 'analysis', '2020-05-26 12:08:02'),
(128, 91, 7, 0, '9.99994', '0.79270', '637139226648446407.txt', '637139226648446407.bmp', 'analysis', '2020-05-26 12:08:02'),
(129, 91, 8, 0, '9.99994', '0.79270', '637139226648446407.txt', '637139226648446407.bmp', 'analysis', '2020-05-26 12:08:02'),
(130, 91, 9, 0, '9.99994', '0.79270', '637139226648446407.txt', '637139226648446407.bmp', 'analysis', '2020-05-26 12:08:02'),
(131, 91, 10, 0, '9.99993', '0.79270', '637139226648446407.txt', '637139226648446407.bmp', 'analysis', '2020-05-26 12:08:02'),
(132, 92, 1, 0, '9.99994', '0.79270', '637139226648446407.txt', '637139226648446407.bmp', 'analysis', '2020-05-27 11:45:23'),
(133, 92, 2, 0, '9.99994', '0.79270', '637139226648446407.txt', '637139226648446407.bmp', 'analysis', '2020-05-27 11:45:23'),
(134, 92, 3, 0, '9.99993', '0.79270', '637139226648446407.txt', '637139226648446407.bmp', 'analysis', '2020-05-27 11:45:23'),
(135, 92, 4, 0, '9.99994', '0.79270', '637139226648446407.txt', '637139226648446407.bmp', 'analysis', '2020-05-27 11:45:23'),
(136, 92, 5, 0, '9.99994', '0.79270', '637139226648446407.txt', '637139226648446407.bmp', 'analysis', '2020-05-27 11:45:23'),
(137, 92, 6, 0, '9.99993', '0.79270', '637139226648446407.txt', '637139226648446407.bmp', 'analysis', '2020-05-27 11:45:23'),
(138, 92, 7, 0, '9.99994', '0.79270', '637139226648446407.txt', '637139226648446407.bmp', 'analysis', '2020-05-27 11:45:23'),
(139, 92, 8, 0, '9.99994', '0.79270', '637139226648446407.txt', '637139226648446407.bmp', 'analysis', '2020-05-27 11:45:23'),
(140, 92, 9, 0, '9.99994', '0.79270', '637139226648446407.txt', '637139226648446407.bmp', 'analysis', '2020-05-27 11:45:23'),
(141, 92, 10, 0, '9.99993', '0.79270', '637139226648446407.txt', '637139226648446407.bmp', 'analysis', '2020-05-27 11:45:23'),
(142, 95, 1, 0, '9.99994', '9.99994', '637139226648446407.txt', '637139226648446407.bmp', 'analysis', '2020-06-06 20:26:51'),
(143, 95, 2, 0, '9.99994', '9.99994', '637139226648446407.txt', '637139226648446407.bmp', 'analysis', '2020-06-06 20:26:51'),
(144, 95, 3, 0, '9.99993', '9.99993', '637139226648446407.txt', '637139226648446407.bmp', 'analysis', '2020-06-06 20:26:51'),
(145, 95, 4, 0, '9.99994', '9.99994', '637139226648446407.txt', '637139226648446407.bmp', 'analysis', '2020-06-06 20:26:51'),
(146, 95, 5, 0, '9.99994', '9.99994', '637139226648446407.txt', '637139226648446407.bmp', 'analysis', '2020-06-06 20:26:51'),
(147, 95, 6, 0, '9.99993', '9.99993', '637139226648446407.txt', '637139226648446407.bmp', 'analysis', '2020-06-06 20:26:51'),
(148, 95, 7, 0, '9.99994', '9.99994', '637139226648446407.txt', '637139226648446407.bmp', 'analysis', '2020-06-06 20:26:51'),
(149, 95, 8, 0, '9.99994', '9.99994', '637139226648446407.txt', '637139226648446407.bmp', 'analysis', '2020-06-06 20:26:51'),
(150, 95, 9, 0, '9.99994', '9.99994', '637139226648446407.txt', '637139226648446407.bmp', 'analysis', '2020-06-06 20:26:51'),
(151, 95, 10, 0, '9.99993', '9.99993', '637139226648446407.txt', '637139226648446407.bmp', 'analysis', '2020-06-06 20:26:51'),
(152, 102, 1, 0, '9.99994', '9.99994', '637139226648446407.txt', '637139226648446407.bmp', 'analysis', '2020-06-10 06:19:16'),
(153, 102, 2, 0, '9.99994', '9.99994', '637139226648446407.txt', '637139226648446407.bmp', 'analysis', '2020-06-10 06:19:16'),
(154, 102, 3, 0, '9.99993', '9.99994', '637139226648446407.txt', '637139226648446407.bmp', 'analysis', '2020-06-10 06:19:16'),
(155, 102, 4, 0, '9.99994', '9.99994', '637139226648446407.txt', '637139226648446407.bmp', 'analysis', '2020-06-10 06:19:16'),
(156, 102, 5, 0, '9.99994', '9.99994', '637139226648446407.txt', '637139226648446407.bmp', 'analysis', '2020-06-10 06:19:16'),
(157, 102, 6, 0, '9.99993', '9.99994', '637139226648446407.txt', '637139226648446407.bmp', 'analysis', '2020-06-10 06:19:16'),
(158, 102, 7, 0, '9.99994', '9.99994', '637139226648446407.txt', '637139226648446407.bmp', 'analysis', '2020-06-10 06:19:16'),
(159, 102, 8, 0, '9.99994', '9.99994', '637139226648446407.txt', '637139226648446407.bmp', 'analysis', '2020-06-10 06:19:16'),
(160, 102, 9, 0, '9.99994', '9.99994', '637139226648446407.txt', '637139226648446407.bmp', 'analysis', '2020-06-10 06:19:16'),
(161, 102, 10, 0, '9.99993', '9.99994', '637139226648446407.txt', '637139226648446407.bmp', 'analysis', '2020-06-10 06:19:16'),
(162, 103, 1, 0, '10.00000', '0.02680', '637172057447965701.txt', '637172057447965701.bmp', 'analysis', '2020-06-12 06:08:34'),
(163, 103, 2, 0, '10.00000', '0.02680', '637172057447965701.txt', '637172057447965701.bmp', 'analysis', '2020-06-12 06:08:34'),
(164, 103, 3, 0, '10.00000', '0.02680', '637172057447965701.txt', '637172057447965701.bmp', 'analysis', '2020-06-12 06:08:34'),
(165, 115, 1, 0, '1.00000', '0.02680', '637172057447965701.txt', '637172057447965701.bmp', 'analysis', '2020-06-17 08:58:28'),
(166, 116, 1, 0, '9.99994', '0.02680', '637172057447965701.txt', '637172057447965701.bmp', 'analysis', '2020-06-17 09:23:58'),
(167, 116, 2, 0, '9.99994', '0.02680', '637172057447965701.txt', '637172057447965701.bmp', 'analysis', '2020-06-17 09:23:58'),
(168, 116, 3, 0, '9.99993', '0.02680', '637172057447965701.txt', '637172057447965701.bmp', 'analysis', '2020-06-17 09:23:58'),
(169, 116, 4, 0, '9.99994', '0.02680', '637172057447965701.txt', '637172057447965701.bmp', 'analysis', '2020-06-17 09:23:58'),
(170, 116, 5, 0, '9.99994', '0.02680', '637172057447965701.txt', '637172057447965701.bmp', 'analysis', '2020-06-17 09:23:58'),
(171, 116, 6, 0, '9.99993', '0.02680', '637172057447965701.txt', '637172057447965701.bmp', 'analysis', '2020-06-17 09:23:58'),
(172, 116, 7, 0, '9.99994', '0.02680', '637172057447965701.txt', '637172057447965701.bmp', 'analysis', '2020-06-17 09:23:58'),
(173, 116, 8, 0, '9.99994', '0.02680', '637172057447965701.txt', '637172057447965701.bmp', 'analysis', '2020-06-17 09:23:58'),
(174, 116, 9, 0, '9.99994', '0.02680', '637172057447965701.txt', '637172057447965701.bmp', 'analysis', '2020-06-17 09:23:58'),
(175, 116, 10, 0, '9.99993', '0.02680', '637172057447965701.txt', '637172057447965701.bmp', 'analysis', '2020-06-17 09:23:58'),
(176, 117, 1, 0, '10.00000', '0.02680', '637172057447965701.txt', '637172057447965701.bmp', 'analysis', '2020-06-17 09:26:47'),
(177, 117, 2, 0, '10.00000', '0.02680', '637172057447965701.txt', '637172057447965701.bmp', 'analysis', '2020-06-17 09:26:47'),
(178, 117, 3, 0, '10.00000', '0.02680', '637172057447965701.txt', '637172057447965701.bmp', 'analysis', '2020-06-17 09:26:47'),
(179, 121, 1, 0, '10.00000', '9.99994', '637172057447965701.txt', '637172057447965701.bmp', 'analysis', '2020-06-17 12:07:51'),
(180, 121, 2, 0, '10.00000', '9.99994', '637172057447965701.txt', '637172057447965701.bmp', 'analysis', '2020-06-17 12:07:51'),
(181, 121, 3, 0, '10.00000', '9.99993', '637172057447965701.txt', '637172057447965701.bmp', 'analysis', '2020-06-17 12:07:51'),
(182, 121, 4, 0, '10.00000', '9.99994', '637172057447965701.txt', '637172057447965701.bmp', 'analysis', '2020-06-17 12:07:51'),
(183, 121, 5, 0, '10.00000', '9.99994', '637172057447965701.txt', '637172057447965701.bmp', 'analysis', '2020-06-17 12:07:51'),
(184, 121, 6, 0, '10.00000', '9.99993', '637172057447965701.txt', '637172057447965701.bmp', 'analysis', '2020-06-17 12:07:51'),
(185, 121, 7, 0, '10.00000', '9.99994', '637172057447965701.txt', '637172057447965701.bmp', 'analysis', '2020-06-17 12:07:51'),
(186, 121, 8, 0, '10.00000', '9.99994', '637172057447965701.txt', '637172057447965701.bmp', 'analysis', '2020-06-17 12:07:51'),
(187, 121, 9, 0, '10.00000', '9.99994', '637172057447965701.txt', '637172057447965701.bmp', 'analysis', '2020-06-17 12:07:51'),
(188, 121, 10, 0, '10.00000', '9.99993', '637172057447965701.txt', '637172057447965701.bmp', 'analysis', '2020-06-17 12:07:51'),
(189, 127, 1, 0, '10.00000', '9.99994', '637172057447965701.txt', '637172057447965701.bmp', 'analysis', '2020-06-19 06:49:13'),
(190, 127, 2, 0, '10.00000', '9.99994', '637172057447965701.txt', '637172057447965701.bmp', 'analysis', '2020-06-19 06:49:13'),
(191, 127, 3, 0, '10.00000', '9.99993', '637172057447965701.txt', '637172057447965701.bmp', 'analysis', '2020-06-19 06:49:13'),
(192, 127, 4, 0, '10.00000', '9.99994', '637172057447965701.txt', '637172057447965701.bmp', 'analysis', '2020-06-19 06:49:13'),
(193, 127, 5, 0, '10.00000', '9.99994', '637172057447965701.txt', '637172057447965701.bmp', 'analysis', '2020-06-19 06:49:13'),
(194, 127, 6, 0, '10.00000', '9.99993', '637172057447965701.txt', '637172057447965701.bmp', 'analysis', '2020-06-19 06:49:13'),
(195, 127, 7, 0, '10.00000', '9.99994', '637172057447965701.txt', '637172057447965701.bmp', 'analysis', '2020-06-19 06:49:13'),
(196, 127, 8, 0, '10.00000', '9.99994', '637172057447965701.txt', '637172057447965701.bmp', 'analysis', '2020-06-19 06:49:13'),
(197, 127, 9, 0, '10.00000', '9.99994', '637172057447965701.txt', '637172057447965701.bmp', 'analysis', '2020-06-19 06:49:13'),
(198, 127, 10, 0, '10.00000', '9.99993', '637172057447965701.txt', '637172057447965701.bmp', 'analysis', '2020-06-19 06:49:13'),
(199, 129, 1, 0, '50.00000', '49.99994', '637172057447965701.txt', '637172057447965701.bmp', 'analysis', '2020-06-19 08:15:08'),
(200, 129, 2, 0, '50.00000', '49.99994', '637172057447965701.txt', '637172057447965701.bmp', 'analysis', '2020-06-19 08:15:08'),
(201, 129, 3, 0, '50.00000', '49.99993', '637172057447965701.txt', '637172057447965701.bmp', 'analysis', '2020-06-19 08:15:08'),
(202, 129, 4, 0, '50.00000', '49.99994', '637172057447965701.txt', '637172057447965701.bmp', 'analysis', '2020-06-19 08:15:08'),
(203, 129, 5, 0, '50.00000', '49.99994', '637172057447965701.txt', '637172057447965701.bmp', 'analysis', '2020-06-19 08:15:08'),
(204, 129, 6, 0, '50.00000', '49.99993', '637172057447965701.txt', '637172057447965701.bmp', 'analysis', '2020-06-19 08:15:08'),
(205, 129, 7, 0, '50.00000', '49.99994', '637172057447965701.txt', '637172057447965701.bmp', 'analysis', '2020-06-19 08:15:08'),
(206, 129, 8, 0, '50.00000', '49.99994', '637172057447965701.txt', '637172057447965701.bmp', 'analysis', '2020-06-19 08:15:08'),
(207, 129, 9, 0, '50.00000', '49.99994', '637172057447965701.txt', '637172057447965701.bmp', 'analysis', '2020-06-19 08:15:08'),
(208, 129, 10, 0, '50.00000', '49.99993', '637172057447965701.txt', '637172057447965701.bmp', 'analysis', '2020-06-19 08:15:08'),
(209, 130, 1, 0, '10.00000', '49.99993', '637172057447965701.txt', '637172057447965701.bmp', 'analysis', '2020-06-19 08:35:12'),
(210, 130, 2, 0, '10.00000', '49.99993', '637172057447965701.txt', '637172057447965701.bmp', 'analysis', '2020-06-19 08:35:12'),
(211, 130, 3, 0, '10.00000', '49.99993', '637172057447965701.txt', '637172057447965701.bmp', 'analysis', '2020-06-19 08:35:12'),
(212, 134, 1, 0, '10.00000', '49.99993', '637172057447965701.txt', '637172057447965701.bmp', 'analysis', '2020-06-30 06:35:52'),
(213, 134, 2, 0, '10.00000', '49.99993', '637172057447965701.txt', '637172057447965701.bmp', 'analysis', '2020-06-30 06:35:52'),
(214, 134, 3, 0, '10.00000', '49.99993', '637172057447965701.txt', '637172057447965701.bmp', 'analysis', '2020-06-30 06:35:52'),
(215, 134, 4, 0, '10.00000', '49.99993', '637172057447965701.txt', '637172057447965701.bmp', 'analysis', '2020-06-30 06:35:52'),
(216, 134, 5, 0, '10.00000', '49.99993', '637172057447965701.txt', '637172057447965701.bmp', 'analysis', '2020-06-30 06:35:52'),
(217, 134, 6, 0, '10.00000', '49.99993', '637172057447965701.txt', '637172057447965701.bmp', 'analysis', '2020-06-30 06:35:52'),
(218, 134, 7, 0, '10.00000', '49.99993', '637172057447965701.txt', '637172057447965701.bmp', 'analysis', '2020-06-30 06:35:52'),
(219, 134, 8, 0, '10.00000', '49.99993', '637172057447965701.txt', '637172057447965701.bmp', 'analysis', '2020-06-30 06:35:52'),
(220, 134, 9, 0, '10.00000', '49.99993', '637172057447965701.txt', '637172057447965701.bmp', 'analysis', '2020-06-30 06:35:52'),
(221, 134, 10, 0, '10.00000', '49.99993', '637172057447965701.txt', '637172057447965701.bmp', 'analysis', '2020-06-30 06:35:52'),
(222, 135, 1, 0, '50.00000', '49.99993', '637172057447965701.txt', '637172057447965701.bmp', 'analysis', '2020-06-30 06:37:25'),
(223, 135, 2, 0, '50.00000', '49.99993', '637172057447965701.txt', '637172057447965701.bmp', 'analysis', '2020-06-30 06:37:25'),
(224, 135, 3, 0, '50.00000', '49.99993', '637172057447965701.txt', '637172057447965701.bmp', 'analysis', '2020-06-30 06:37:25'),
(225, 135, 4, 0, '50.00000', '49.99993', '637172057447965701.txt', '637172057447965701.bmp', 'analysis', '2020-06-30 06:37:25'),
(226, 135, 5, 0, '50.00000', '49.99993', '637172057447965701.txt', '637172057447965701.bmp', 'analysis', '2020-06-30 06:37:25'),
(227, 135, 6, 0, '50.00000', '49.99993', '637172057447965701.txt', '637172057447965701.bmp', 'analysis', '2020-06-30 06:37:25'),
(228, 135, 7, 0, '50.00000', '49.99993', '637172057447965701.txt', '637172057447965701.bmp', 'analysis', '2020-06-30 06:37:25'),
(229, 135, 8, 0, '50.00000', '49.99993', '637172057447965701.txt', '637172057447965701.bmp', 'analysis', '2020-06-30 06:37:25'),
(230, 135, 9, 0, '50.00000', '49.99993', '637172057447965701.txt', '637172057447965701.bmp', 'analysis', '2020-06-30 06:37:25'),
(231, 135, 10, 0, '50.00000', '49.99993', '637172057447965701.txt', '637172057447965701.bmp', 'analysis', '2020-06-30 06:37:25');

-- --------------------------------------------------------

--
-- Table structure for table `calibrationposition`
--

CREATE TABLE `calibrationposition` (
  `RecId` bigint(20) NOT NULL,
  `RefRecId` bigint(20) NOT NULL,
  `LineId` bigint(20) NOT NULL,
  `Type` int(11) NOT NULL,
  `PositionWeight` varchar(250) NOT NULL,
  `StWeight` decimal(28,5) NOT NULL,
  `ActualMass` decimal(28,5) NOT NULL,
  `ObsMass` decimal(28,5) NOT NULL,
  `Tfile` varchar(250) NOT NULL,
  `Ifile` varchar(250) NOT NULL,
  `CreatedBy` varchar(70) NOT NULL,
  `CreatedDate` timestamp NOT NULL DEFAULT current_timestamp()
) ENGINE=InnoDB DEFAULT CHARSET=utf8mb4;

--
-- Dumping data for table `calibrationposition`
--

INSERT INTO `calibrationposition` (`RecId`, `RefRecId`, `LineId`, `Type`, `PositionWeight`, `StWeight`, `ActualMass`, `ObsMass`, `Tfile`, `Ifile`, `CreatedBy`, `CreatedDate`) VALUES
(1, 42, 1, 0, '0.3000', '0.03000', '0.00300', '0.00030', '', '', 'analysis', '2020-04-25 07:37:10'),
(2, 42, 2, 0, '0.5000', '0.05000', '0.00500', '0.00050', '', '', 'analysis', '2020-04-25 07:37:10'),
(3, 42, 3, 0, '0.11000', '0.01100', '0.00110', '0.00011', '', '', 'analysis', '2020-04-25 07:37:10'),
(4, 42, 4, 0, '0.9000', '0.09000', '0.00900', '0.00090', '', '', 'analysis', '2020-04-25 07:37:10'),
(17, 53, 1, 0, '0.11000', '0.00000', '2.79270', '2.79270', '', '', 'analysis', '2020-04-30 07:27:35'),
(18, 53, 2, 0, '0.3000', '0.00000', '2.79270', '2.79270', '', '', 'analysis', '2020-04-30 07:27:35'),
(19, 53, 3, 0, '0.11000', '0.00000', '2.79270', '2.79270', '', '', 'analysis', '2020-04-30 07:27:35'),
(26, 68, 1, 0, '0.11000', '0.00000', '1.79270', '1.79270', '637139226648446407.txt', '637139226648446407.bmp', 'analysis', '2020-05-07 09:46:12'),
(27, 68, 2, 0, '0.3000', '0.00000', '1.79270', '1.79270', '637139226648446407.txt', '637139226648446407.bmp', 'analysis', '2020-05-07 09:46:12'),
(28, 68, 3, 0, '0.11000', '0.00000', '4.79130', '4.79130', '637139226052210585.txt', '637139226052210585.bmp', 'analysis', '2020-05-07 09:46:12'),
(29, 69, 1, 0, '0.11000', '0.00000', '1.79270', '1.79270', '637139226648446407.txt', '637139226648446407.bmp', 'analysis', '2020-05-11 04:56:02'),
(30, 69, 2, 0, '0.3000', '0.00000', '1.79270', '1.79270', '637139226648446407.txt', '637139226648446407.bmp', 'analysis', '2020-05-11 04:56:02'),
(31, 69, 3, 0, '0.11000', '0.00000', '1.79270', '1.79270', '637139226648446407.txt', '637139226648446407.bmp', 'analysis', '2020-05-11 04:56:02'),
(32, 70, 1, 0, 'Center', '100.00015', '1.79270', '-98.20745', '637139226648446407.txt', '637139226648446407.bmp', 'analysis', '2020-05-11 04:59:23'),
(33, 70, 2, 0, 'Place At \"1\"', '100.00015', '1.79270', '-98.20745', '637139226648446407.txt', '637139226648446407.bmp', 'analysis', '2020-05-11 04:59:23'),
(34, 70, 3, 0, 'Place At \"2\"', '100.00015', '1.79270', '-98.20745', '637139226648446407.txt', '637139226648446407.bmp', 'analysis', '2020-05-11 04:59:23'),
(35, 71, 1, 0, '0.11000', '0.00000', '1.79270', '1.79270', '637139226648446407.txt', '637139226648446407.bmp', 'analysis', '2020-05-14 07:47:41'),
(36, 71, 2, 0, '0.3000', '0.00000', '1.79270', '1.79270', '637139226648446407.txt', '637139226648446407.bmp', 'analysis', '2020-05-14 07:47:41'),
(37, 71, 3, 0, '0.11000', '0.00000', '1.79270', '1.79270', '637139226648446407.txt', '637139226648446407.bmp', 'analysis', '2020-05-14 07:47:41'),
(38, 77, 1, 0, '9.999994', '9.36555', '4.99991', '-4.36564', '637139226052210585.txt', '637139226052210585.bmp', 'analysis', '2020-05-19 05:33:48'),
(39, 80, 1, 0, '0.11000', '0.00000', '4.99991', '4.99991', '637139226052210585.txt', '637139226052210585.bmp', 'analysis', '2020-05-19 09:37:04'),
(40, 80, 2, 0, '0.3000', '0.00000', '4.99991', '4.99991', '637139226052210585.txt', '637139226052210585.bmp', 'analysis', '2020-05-19 09:37:04'),
(41, 80, 3, 0, '0.11000', '0.00000', '4.99991', '4.99991', '637139226052210585.txt', '637139226052210585.bmp', 'analysis', '2020-05-19 09:37:04'),
(42, 82, 1, 0, '0.11000', '0.00000', '4.99991', '4.99991', '637139226052210585.txt', '637139226052210585.bmp', 'analysis', '2020-05-20 06:46:36'),
(43, 82, 2, 0, '0.3000', '0.00000', '4.99991', '4.99991', '637139226052210585.txt', '637139226052210585.bmp', 'analysis', '2020-05-20 06:46:36'),
(44, 82, 3, 0, '0.11000', '0.00000', '4.99991', '4.99991', '637139226052210585.txt', '637139226052210585.bmp', 'analysis', '2020-05-20 06:46:36'),
(45, 83, 1, 0, '0.11000', '0.00000', '2.99991', '2.99991', '637139226052210585.txt', '637139226052210585.bmp', 'analysis', '2020-05-21 05:19:15'),
(46, 83, 2, 0, '0.3000', '0.00000', '4.99991', '4.99991', '637139226052210585.txt', '637139226052210585.bmp', 'analysis', '2020-05-21 05:19:15'),
(47, 83, 3, 0, '0.11000', '0.00000', '4.99991', '4.99991', '637139226052210585.txt', '637139226052210585.bmp', 'analysis', '2020-05-21 05:19:15'),
(48, 87, 1, 0, '0.3000', '0.00000', '0.79270', '0.79270', '637139226648446407.txt', '637139226648446407.bmp', 'analysis', '2020-05-26 05:15:25'),
(49, 87, 2, 0, '0.5000', '0.00000', '0.79270', '0.79270', '637139226648446407.txt', '637139226648446407.bmp', 'analysis', '2020-05-26 05:15:25'),
(50, 87, 3, 0, '0.11000', '0.00000', '0.79270', '0.79270', '637139226648446407.txt', '637139226648446407.bmp', 'analysis', '2020-05-26 05:15:25'),
(51, 87, 4, 0, '0.9000', '0.00000', '0.79270', '0.79270', '637139226648446407.txt', '637139226648446407.bmp', 'analysis', '2020-05-26 05:15:25'),
(52, 90, 1, 0, '0.35', '0.15000', '0.79270', '0.64270', '637139226648446407.txt', '637139226648446407.bmp', 'analysis', '2020-05-26 12:04:57'),
(53, 103, 1, 0, '9.999994', '9.36555', '0.02680', '-9.33875', '637172057447965701.txt', '637172057447965701.bmp', 'analysis', '2020-06-12 06:09:12'),
(54, 115, 1, 0, '1', '1.00000', '0.02680', '-0.97320', '637172057447965701.txt', '637172057447965701.bmp', 'analysis', '2020-06-17 08:59:28'),
(55, 117, 1, 0, '9.999994', '9.36555', '0.02680', '-9.33875', '637172057447965701.txt', '637172057447965701.bmp', 'analysis', '2020-06-17 09:27:05'),
(56, 121, 1, 0, 'Center', '100.00000', '100.00016', '0.00016', '637172057447965701.txt', '637172057447965701.bmp', 'analysis', '2020-06-17 12:15:36'),
(57, 121, 2, 0, 'Place at \"1\"', '100.00000', '100.00018', '0.00018', '637172057447965701.txt', '637172057447965701.bmp', 'analysis', '2020-06-17 12:15:36'),
(58, 121, 3, 0, 'Place at \"2\"', '100.00000', '100.00018', '0.00018', '637172057447965701.txt', '637172057447965701.bmp', 'analysis', '2020-06-17 12:15:36'),
(59, 121, 4, 0, 'Place at \"3\"', '100.00000', '100.00018', '0.00018', '637172057447965701.txt', '637172057447965701.bmp', 'analysis', '2020-06-17 12:15:36'),
(60, 121, 5, 0, 'Place at \"4\"', '100.00000', '100.00016', '0.00016', '637172057447965701.txt', '637172057447965701.bmp', 'analysis', '2020-06-17 12:15:36'),
(61, 127, 1, 0, 'Center', '100.00000', '100.00016', '0.00016', '637172057447965701.txt', '637172057447965701.bmp', 'analysis', '2020-06-19 06:52:17'),
(62, 127, 2, 0, 'Place at \"1\"', '100.00000', '100.00018', '0.00018', '637172057447965701.txt', '637172057447965701.bmp', 'analysis', '2020-06-19 06:52:17'),
(63, 127, 3, 0, 'Place at \"2\"', '100.00000', '100.00018', '0.00018', '637172057447965701.txt', '637172057447965701.bmp', 'analysis', '2020-06-19 06:52:17'),
(64, 127, 4, 0, 'Place at \"3\"', '100.00000', '100.00018', '0.00018', '637172057447965701.txt', '637172057447965701.bmp', 'analysis', '2020-06-19 06:52:17'),
(65, 127, 5, 0, 'Place at \"4\"', '100.00000', '100.00016', '0.00016', '637172057447965701.txt', '637172057447965701.bmp', 'analysis', '2020-06-19 06:52:17'),
(66, 130, 1, 0, '9.999994', '9.36555', '49.99993', '40.63438', '637172057447965701.txt', '637172057447965701.bmp', 'analysis', '2020-06-19 08:35:21'),
(67, 134, 1, 0, 'Center', '100.00000', '49.99993', '-50.00007', '637172057447965701.txt', '637172057447965701.bmp', 'analysis', '2020-06-30 06:36:04'),
(68, 134, 2, 0, 'Place at \"1\"', '100.00000', '49.99993', '-50.00007', '637172057447965701.txt', '637172057447965701.bmp', 'analysis', '2020-06-30 06:36:04'),
(69, 134, 3, 0, 'Place at \"2\"', '100.00000', '49.99993', '-50.00007', '637172057447965701.txt', '637172057447965701.bmp', 'analysis', '2020-06-30 06:36:04'),
(70, 134, 4, 0, 'Place at \"3\"', '100.00000', '49.99993', '-50.00007', '637172057447965701.txt', '637172057447965701.bmp', 'analysis', '2020-06-30 06:36:04'),
(71, 134, 5, 0, 'Place at \"4\"', '100.00000', '49.99993', '-50.00007', '637172057447965701.txt', '637172057447965701.bmp', 'analysis', '2020-06-30 06:36:04');

-- --------------------------------------------------------

--
-- Table structure for table `calibrationreq`
--

CREATE TABLE `calibrationreq` (
  `RecId` bigint(20) NOT NULL,
  `CalibrationId` bigint(20) NOT NULL,
  `InstrumentId` bigint(20) NOT NULL,
  `DeviceId` bigint(20) NOT NULL,
  `CalibrationDate` datetime NOT NULL,
  `ReqStatus` int(11) NOT NULL,
  `CreatedDate` timestamp NOT NULL DEFAULT current_timestamp(),
  `CreatedBy` varchar(70) NOT NULL,
  `ResponseBy` varchar(70) DEFAULT NULL
) ENGINE=InnoDB DEFAULT CHARSET=utf8mb4;

--
-- Dumping data for table `calibrationreq`
--

INSERT INTO `calibrationreq` (`RecId`, `CalibrationId`, `InstrumentId`, `DeviceId`, `CalibrationDate`, `ReqStatus`, `CreatedDate`, `CreatedBy`, `ResponseBy`) VALUES
(1, 1, 1, 1, '2020-05-04 00:00:00', 20, '2020-05-04 13:16:52', 'analysis', 'admin'),
(2, 2, 1, 1, '2020-05-19 00:00:00', 20, '2020-05-19 09:26:41', 'analysis', 'admin'),
(3, 1, 1, 1, '2020-06-17 00:00:00', 20, '2020-06-17 08:52:44', 'analysis', 'admin'),
(4, 2, 6, 16, '2020-06-17 00:00:00', 20, '2020-06-17 11:52:54', 'analysis', 'admin');

-- --------------------------------------------------------

--
-- Table structure for table `criteria`
--

CREATE TABLE `criteria` (
  `RecId` bigint(20) NOT NULL,
  `Data` varchar(500) NOT NULL,
  `DisplayValue` varchar(250) NOT NULL,
  `RealValue` decimal(28,2) NOT NULL
) ENGINE=InnoDB DEFAULT CHARSET=utf8mb4;

--
-- Dumping data for table `criteria`
--

INSERT INTO `criteria` (`RecId`, `Data`, `DisplayValue`, `RealValue`) VALUES
(1, 'Acceptance Criteria', 'NMT 0.10%', '0.10'),
(2, 'Acceptance Criteria: difference should not be more then', '0.05g', '0.05');

-- --------------------------------------------------------

--
-- Table structure for table `devicemaster`
--

CREATE TABLE `devicemaster` (
  `RecId` bigint(20) NOT NULL,
  `Name` varchar(250) NOT NULL,
  `InstrumentId` bigint(100) NOT NULL,
  `Make` varchar(100) NOT NULL,
  `Model` varchar(100) NOT NULL,
  `SearialNo` varchar(100) NOT NULL,
  `IsActive` int(11) NOT NULL,
  `DirPath` varchar(250) NOT NULL,
  `DeviceType` bigint(20) NOT NULL,
  `CreatedBy` varchar(70) NOT NULL,
  `CreatedDate` timestamp NOT NULL DEFAULT current_timestamp()
) ENGINE=InnoDB DEFAULT CHARSET=latin1;

--
-- Dumping data for table `devicemaster`
--

INSERT INTO `devicemaster` (`RecId`, `Name`, `InstrumentId`, `Make`, `Model`, `SearialNo`, `IsActive`, `DirPath`, `DeviceType`, `CreatedBy`, `CreatedDate`) VALUES
(1, 'Device1', 1, 'HP', 'Model1', '123456789', 1, 'C:\\Tickets', 2, 'admin', '2020-02-20 12:27:04'),
(2, 'Device2', 1, 'HP', 'Model2', '123456789', 1, 'C:\\Tickets', 1, 'admin', '2020-02-20 12:27:04'),
(3, 'Device3', 1, 'Dell', 'Model3', '64565655', 1, 'C:\\Tickets', 2, 'admin', '2020-02-20 12:28:12'),
(4, 'Device4', 2, 'Dell', 'Model100', '64564654', 1, 'C:\\Tickets', 2, 'admin', '2020-02-20 12:28:12'),
(5, 'Test Device 1', 4, 'Test Make', 'Test Model', 'SEARIAL-ABCD-123456', 1, 'C:\\Tickets', 1, 'tesla', '2020-03-04 00:55:33'),
(6, 'Test Device 2', 3, 'Test Make', 'Test Model', 'ABCD1234', 1, 'C:\\Tickets', 2, 'tesla', '2020-03-18 10:52:17'),
(7, 'Test Device 3', 3, 'test', 'test', 'ABCD12345678', 1, 'C:\\Tickets', 2, 'tesla', '2020-03-18 10:53:41'),
(8, 'Test Device 4', 3, 'test', 'test', 'ABCD12345678', 1, 'C:\\Tickets', 2, 'tesla', '2020-03-18 10:54:28'),
(9, 'fsdf', 3, 'sdfsfsdfsfs', 'sdfsdffs', 'fsdfsfsdfsf', 1, 'C:\\Tickets', 1, 'tesla', '2020-03-18 10:55:21'),
(10, 'test18320', 1, 'test', 'test', 'gfsdgdsgfsd', 1, 'C:\\Tickets', 1, 'admin', '2020-03-18 12:37:16'),
(11, 'Device260520', 1, '260520', '260520', 'Device260520', 1, 'C:\\Tickets', 1, 'admin', '2020-05-26 11:53:35'),
(12, 'Test Device', 5, 'test-12250', 'test-12250', 'test-12250', 1, 'C:\\Tickets', 1, 'admin', '2020-05-29 15:21:25'),
(13, 'Test Device 1', 5, 'test-1251', 'test-1251', 'test-1251', 1, 'C:\\Tickets', 2, 'admin', '2020-05-29 15:21:56'),
(14, 'Test MG Device', 2, 'Test MG', 'Test MG', 'Test MG', 1, 'C:\\Tickets', 2, 'admin', '2020-06-01 12:53:28'),
(15, 'RDAD-1250', 6, 'SARTORUS', 'NSA-225P-100DV', '56841654926123031', 1, 'C:\\Tickets', 1, 'admin', '2020-06-17 09:52:07'),
(16, 'RDAD-1170', 6, 'METTLER TOLEDO', 'MSA225P-100DU', '35500', 1, 'C:\\Tickets', 1, 'admin', '2020-06-17 09:59:09'),
(17, 'RDAR-1250-micro', 6, 'SARTURIUS', 'MSA-275-0000M', 'RAD1254GH', 1, 'C:\\Tickets', 2, 'admin', '2020-06-19 07:19:48');

-- --------------------------------------------------------

--
-- Table structure for table `devicepositionweight`
--

CREATE TABLE `devicepositionweight` (
  `RecId` bigint(20) NOT NULL,
  `DeviceId` bigint(20) NOT NULL,
  `InstrumentId` bigint(20) NOT NULL,
  `CalibrationTypeId` bigint(20) NOT NULL,
  `LineId` bigint(20) NOT NULL,
  `PositionWeight` varchar(250) NOT NULL,
  `StWeight` decimal(28,5) NOT NULL,
  `Type` int(11) NOT NULL,
  `CreatedBy` varchar(70) NOT NULL,
  `CreatedDate` timestamp NOT NULL DEFAULT current_timestamp()
) ENGINE=InnoDB DEFAULT CHARSET=utf8mb4;

--
-- Dumping data for table `devicepositionweight`
--

INSERT INTO `devicepositionweight` (`RecId`, `DeviceId`, `InstrumentId`, `CalibrationTypeId`, `LineId`, `PositionWeight`, `StWeight`, `Type`, `CreatedBy`, `CreatedDate`) VALUES
(18, 5, 4, 2, 1, '0.3000', '0.00000', 0, 'admin', '2020-04-25 05:09:43'),
(19, 5, 4, 2, 2, '0.5000', '0.00000', 0, 'admin', '2020-04-25 05:09:43'),
(20, 5, 4, 2, 3, '0.11000', '0.00000', 0, 'admin', '2020-04-25 05:09:43'),
(21, 5, 4, 2, 4, '0.9000', '0.00000', 0, 'admin', '2020-04-25 05:09:43'),
(32, 1, 1, 2, 1, '0.11000', '0.00000', 0, 'admin', '2020-05-15 19:57:33'),
(33, 1, 1, 2, 2, '0.3000', '0.00000', 0, 'admin', '2020-05-15 19:57:33'),
(34, 1, 1, 2, 3, '0.11000', '0.00000', 0, 'admin', '2020-05-15 19:57:33'),
(35, 2, 1, 2, 1, '9.999994', '9.36555', 0, 'admin', '2020-05-16 08:28:12'),
(37, 11, 1, 2, 1, '1', '1.00000', 0, 'admin', '2020-05-26 12:41:48'),
(38, 7, 3, 2, 1, 'Center', '100.00015', 0, 'admin', '2020-06-06 20:11:19'),
(39, 7, 3, 2, 2, 'Place At \"1\"', '100.00015', 0, 'admin', '2020-06-06 20:11:19'),
(40, 7, 3, 2, 3, 'Place At \"2\"', '100.00015', 0, 'admin', '2020-06-06 20:11:19'),
(41, 16, 6, 2, 1, 'Center', '100.00000', 0, 'admin', '2020-06-17 10:24:20'),
(42, 16, 6, 2, 2, 'Place at \"1\"', '100.00000', 0, 'admin', '2020-06-17 10:24:20'),
(43, 16, 6, 2, 3, 'Place at \"2\"', '100.00000', 0, 'admin', '2020-06-17 10:24:20'),
(44, 16, 6, 2, 4, 'Place at \"3\"', '100.00000', 0, 'admin', '2020-06-17 10:24:20'),
(45, 16, 6, 2, 5, 'Place at \"4\"', '100.00000', 0, 'admin', '2020-06-17 10:24:20'),
(46, 17, 6, 2, 1, 'Center', '50.00000', 0, 'admin', '2020-06-19 07:30:09'),
(47, 17, 6, 2, 2, 'Place at \"1\"', '50.00000', 0, 'admin', '2020-06-19 07:30:09'),
(48, 17, 6, 2, 3, 'Place at \"2\"', '50.00000', 0, 'admin', '2020-06-19 07:30:09'),
(49, 17, 6, 2, 4, 'Place at \"3\"', '50.00000', 0, 'admin', '2020-06-19 07:30:09'),
(50, 17, 6, 2, 5, 'Place at \"4\"', '50.00000', 0, 'admin', '2020-06-19 07:30:09');

-- --------------------------------------------------------

--
-- Table structure for table `deviceweight`
--

CREATE TABLE `deviceweight` (
  `RecId` bigint(20) NOT NULL,
  `DeviceId` bigint(20) NOT NULL,
  `InstrumentId` int(100) NOT NULL,
  `CalibrationTypeId` bigint(20) NOT NULL,
  `LineId` bigint(20) NOT NULL,
  `Type` int(11) NOT NULL,
  `StWeight` decimal(28,5) NOT NULL,
  `CertWeight` decimal(28,5) NOT NULL,
  `AccpWeight` decimal(28,5) NOT NULL,
  `CreatedBy` varchar(70) NOT NULL,
  `CreatedDate` timestamp NOT NULL DEFAULT current_timestamp()
) ENGINE=InnoDB DEFAULT CHARSET=latin1;

--
-- Dumping data for table `deviceweight`
--

INSERT INTO `deviceweight` (`RecId`, `DeviceId`, `InstrumentId`, `CalibrationTypeId`, `LineId`, `Type`, `StWeight`, `CertWeight`, `AccpWeight`, `CreatedBy`, `CreatedDate`) VALUES
(6, 2, 1, 1, 1, 0, '0.02000', '0.02000', '0.00002', 'admin', '2020-02-20 12:33:23'),
(7, 2, 1, 1, 2, 0, '0.05000', '0.05000', '0.00005', 'admin', '2020-02-20 12:33:23'),
(8, 2, 1, 1, 3, 0, '0.01000', '0.01000', '0.00010', 'admin', '2020-02-20 12:33:23'),
(9, 2, 1, 1, 4, 0, '100.00000', '100.00000', '0.10000', 'admin', '2020-02-20 12:33:23'),
(10, 2, 1, 1, 5, 0, '200.00000', '200.00000', '0.20000', 'admin', '2020-02-20 12:33:23'),
(11, 3, 1, 1, 1, 0, '0.02000', '0.02000', '0.00002', 'admin', '2020-02-20 12:33:23'),
(12, 3, 1, 1, 2, 0, '0.05000', '0.05000', '0.00005', 'admin', '2020-02-20 12:33:23'),
(13, 3, 1, 1, 3, 0, '0.01000', '0.01000', '0.00010', 'admin', '2020-02-20 12:33:23'),
(14, 3, 1, 1, 4, 0, '100.00000', '100.00000', '0.10000', 'admin', '2020-02-20 12:33:23'),
(15, 3, 1, 1, 5, 0, '200.00000', '200.00000', '0.20000', 'admin', '2020-02-20 12:33:23'),
(16, 4, 2, 1, 1, 0, '0.02000', '0.02000', '0.00002', 'admin', '2020-02-20 12:33:23'),
(17, 4, 2, 1, 2, 0, '0.05000', '0.05000', '0.00005', 'admin', '2020-02-20 12:33:23'),
(18, 4, 2, 1, 3, 0, '0.01000', '0.01000', '0.00010', 'admin', '2020-02-20 12:33:23'),
(19, 4, 2, 1, 4, 0, '100.00000', '100.00000', '0.10000', 'admin', '2020-02-20 12:33:23'),
(20, 4, 2, 1, 5, 0, '200.00000', '200.00000', '0.20000', 'admin', '2020-02-20 12:33:23'),
(31, 3, 1, 2, 1, 0, '0.02000', '0.02000', '0.00002', 'admin', '2020-02-20 12:33:23'),
(32, 3, 1, 2, 2, 0, '0.05000', '0.05000', '0.00005', 'admin', '2020-02-20 12:33:23'),
(33, 3, 1, 2, 3, 0, '0.01000', '0.01000', '0.00010', 'admin', '2020-02-20 12:33:23'),
(34, 3, 1, 2, 4, 0, '100.00000', '100.00000', '0.10000', 'admin', '2020-02-20 12:33:23'),
(35, 3, 1, 2, 5, 0, '200.00000', '200.00000', '0.20000', 'admin', '2020-02-20 12:33:23'),
(36, 4, 2, 2, 1, 0, '0.02000', '0.02000', '0.00002', 'admin', '2020-02-20 12:33:23'),
(37, 4, 2, 2, 2, 0, '0.05000', '0.05000', '0.00005', 'admin', '2020-02-20 12:33:23'),
(38, 4, 2, 2, 3, 0, '0.01000', '0.01000', '0.00010', 'admin', '2020-02-20 12:33:23'),
(39, 4, 2, 2, 4, 0, '100.00000', '100.00000', '0.10000', 'admin', '2020-02-20 12:33:23'),
(40, 4, 2, 2, 5, 0, '200.00000', '200.00000', '0.20000', 'admin', '2020-02-20 12:33:23'),
(42, 4, 2, 2, 1, 0, '200.00000', '0.20000', '0.00051', 'tesla', '2020-03-04 11:18:24'),
(43, 4, 2, 2, 2, 0, '200.00000', '0.20000', '0.00051', 'tesla', '2020-03-04 11:18:24'),
(63, 4, 2, 2, 1, 0, '151.00000', '0.15100', '0.00051', 'tesla', '2020-03-05 06:08:35'),
(64, 4, 2, 2, 2, 0, '152.00000', '0.15200', '0.00052', 'tesla', '2020-03-05 06:08:35'),
(65, 4, 2, 2, 3, 0, '153.00000', '0.15300', '0.00053', 'tesla', '2020-03-05 06:08:35'),
(66, 4, 2, 2, 4, 0, '154.00000', '0.15400', '0.00054', 'tesla', '2020-03-05 06:08:35'),
(67, 4, 2, 2, 5, 0, '155.00000', '0.15500', '0.00044', 'tesla', '2020-03-05 06:08:35'),
(68, 4, 2, 2, 6, 0, '156.00000', '0.15600', '0.00045', 'tesla', '2020-03-05 06:08:35'),
(72, 4, 2, 1, 1, 0, '151.00000', '0.15600', '0.00051', 'einstein', '2020-03-07 08:11:33'),
(92, 3, 1, 2, 1, 0, '10.00000', '10.00060', '0.01000', 'admin', '2020-04-04 06:44:17'),
(93, 3, 1, 2, 2, 0, '20.00000', '20.00067', '0.02000', 'admin', '2020-04-04 06:44:17'),
(112, 1, 1, 1, 1, 0, '20.00000', '20.00067', '0.02000', 'admin', '2020-04-04 07:33:36'),
(113, 1, 1, 1, 2, 0, '10.00000', '10.00060', '0.01000', 'admin', '2020-04-04 07:33:36'),
(114, 1, 1, 1, 3, 0, '50.00000', '50.00009', '0.05000', 'admin', '2020-04-04 07:33:36'),
(139, 5, 4, 2, 1, 0, '0.20000', '0.02000', '0.00020', 'admin', '2020-04-25 05:09:43'),
(140, 5, 4, 2, 2, 0, '0.30000', '0.03000', '0.00030', 'admin', '2020-04-25 05:09:43'),
(141, 5, 4, 2, 3, 0, '0.50000', '0.05000', '0.00050', 'admin', '2020-04-25 05:09:43'),
(152, 1, 1, 2, 1, 0, '0.02000', '0.02000', '0.00002', 'admin', '2020-05-15 19:57:33'),
(153, 1, 1, 2, 2, 0, '0.20000', '0.02000', '0.00020', 'admin', '2020-05-15 19:57:33'),
(154, 1, 1, 2, 3, 0, '0.05000', '0.05000', '0.00005', 'admin', '2020-05-15 19:57:33'),
(155, 1, 1, 2, 4, 0, '100.00000', '100.00000', '0.10000', 'admin', '2020-05-15 19:57:33'),
(156, 1, 1, 2, 5, 0, '200.00000', '200.00000', '0.20000', 'admin', '2020-05-15 19:57:33'),
(157, 2, 1, 2, 1, 0, '0.02000', '0.02000', '0.00002', 'admin', '2020-05-16 08:28:12'),
(158, 2, 1, 2, 2, 0, '0.05000', '0.05000', '0.00005', 'admin', '2020-05-16 08:28:12'),
(159, 2, 1, 2, 3, 0, '0.01000', '0.01000', '0.00010', 'admin', '2020-05-16 08:28:12'),
(160, 2, 1, 2, 4, 0, '100.00000', '100.00000', '0.10000', 'admin', '2020-05-16 08:28:12'),
(161, 2, 1, 2, 5, 0, '200.00000', '200.00000', '0.20000', 'admin', '2020-05-16 08:28:12'),
(162, 11, 1, 1, 1, 0, '1.00000', '1.00000', '1.00000', 'admin', '2020-05-26 11:54:55'),
(163, 11, 1, 1, 2, 0, '1.00000', '1.00000', '1.00000', 'admin', '2020-05-26 11:54:55'),
(164, 11, 1, 1, 3, 0, '1.00000', '1.00000', '1.00000', 'admin', '2020-05-26 11:54:55'),
(165, 11, 1, 1, 4, 0, '1.00000', '1.00000', '1.00000', 'admin', '2020-05-26 11:54:55'),
(170, 11, 1, 2, 1, 0, '2.00000', '2.00000', '3.00000', 'admin', '2020-05-26 12:41:48'),
(171, 11, 1, 2, 2, 0, '2.00000', '2.00000', '3.00000', 'admin', '2020-05-26 12:41:48'),
(172, 11, 1, 2, 3, 0, '2.00000', '2.00000', '2.00000', 'admin', '2020-05-26 12:41:48'),
(173, 11, 1, 2, 4, 0, '2.00000', '2.00000', '2.00000', 'admin', '2020-05-26 12:41:48'),
(174, 10, 1, 1, 1, 0, '1.00000', '1.00000', '1.00000', 'admin', '2020-05-29 14:47:45'),
(175, 10, 1, 1, 2, 0, '1.00000', '1.00000', '1.00000', 'admin', '2020-05-29 14:47:45'),
(176, 14, 2, 1, 1, 0, '1.50000', '1.60000', '1.70000', 'admin', '2020-06-01 12:54:15'),
(177, 14, 2, 1, 2, 0, '2.50000', '2.60000', '2.70000', 'admin', '2020-06-01 12:54:15'),
(178, 14, 2, 1, 3, 0, '3.50000', '3.60000', '3.70000', 'admin', '2020-06-01 12:54:15'),
(179, 7, 3, 2, 1, 0, '10.00000', '10.00006', '0.01000', 'admin', '2020-06-06 20:11:19'),
(180, 7, 3, 2, 2, 0, '20.00000', '20.00007', '0.02000', 'admin', '2020-06-06 20:11:19'),
(197, 15, 6, 1, 1, 0, '1.00000', '1.00200', '0.00100', 'admin', '2020-06-17 10:11:25'),
(198, 15, 6, 1, 2, 0, '2.00000', '2.00500', '0.00200', 'admin', '2020-06-17 10:11:25'),
(199, 15, 6, 1, 3, 0, '5.00000', '5.00500', '0.00500', 'admin', '2020-06-17 10:11:25'),
(200, 15, 6, 1, 4, 0, '10.00000', '10.00100', '0.01000', 'admin', '2020-06-17 10:11:25'),
(201, 15, 6, 1, 5, 0, '20.00000', '19.99100', '0.02000', 'admin', '2020-06-17 10:11:25'),
(202, 15, 6, 1, 6, 0, '50.00000', '49.99900', '0.05000', 'admin', '2020-06-17 10:11:25'),
(203, 16, 6, 2, 1, 0, '10.00000', '10.00006', '0.01000', 'admin', '2020-06-17 10:24:20'),
(204, 16, 6, 2, 2, 0, '20.00000', '20.00007', '0.02000', 'admin', '2020-06-17 10:24:20'),
(205, 16, 6, 2, 3, 0, '50.00000', '50.00009', '0.05000', 'admin', '2020-06-17 10:24:20'),
(206, 16, 6, 2, 4, 0, '100.00000', '100.00015', '0.10000', 'admin', '2020-06-17 10:24:20'),
(207, 16, 6, 2, 5, 0, '200.00000', '200.00008', '0.20000', 'admin', '2020-06-17 10:24:20'),
(208, 17, 6, 1, 1, 0, '1.00000', '1.00200', '0.00100', 'admin', '2020-06-19 07:23:29'),
(209, 17, 6, 1, 2, 0, '2.00000', '2.00500', '0.00200', 'admin', '2020-06-19 07:23:29'),
(210, 17, 6, 1, 3, 0, '5.00000', '5.00500', '0.00500', 'admin', '2020-06-19 07:23:29'),
(211, 17, 6, 1, 4, 0, '10.00000', '10.00100', '0.01000', 'admin', '2020-06-19 07:23:29'),
(212, 17, 6, 1, 5, 0, '20.00000', '19.99100', '0.02000', 'admin', '2020-06-19 07:23:29'),
(213, 17, 6, 1, 6, 0, '50.00000', '49.99900', '0.05000', 'admin', '2020-06-19 07:23:29'),
(214, 17, 6, 2, 1, 0, '1.00000', '1.00200', '0.00100', 'admin', '2020-06-19 07:30:09'),
(215, 17, 6, 2, 2, 0, '2.00000', '2.00500', '0.00200', 'admin', '2020-06-19 07:30:09'),
(216, 17, 6, 2, 3, 0, '5.00000', '5.00500', '0.00500', 'admin', '2020-06-19 07:30:09'),
(217, 17, 6, 2, 4, 0, '10.00000', '10.00100', '0.01000', 'admin', '2020-06-19 07:30:09'),
(218, 17, 6, 2, 5, 0, '20.00000', '19.99100', '0.02000', 'admin', '2020-06-19 07:30:09'),
(219, 17, 6, 2, 6, 0, '50.00000', '49.99900', '0.05000', 'admin', '2020-06-19 07:30:09');

-- --------------------------------------------------------

--
-- Table structure for table `deviceweightobsmass`
--

CREATE TABLE `deviceweightobsmass` (
  `RecId` bigint(20) NOT NULL,
  `DeviceId` bigint(20) NOT NULL,
  `InstrumentId` bigint(20) NOT NULL,
  `CalibrationTypeId` bigint(20) NOT NULL,
  `LineId` int(11) NOT NULL,
  `StWeight` decimal(28,5) NOT NULL,
  `Type` int(11) NOT NULL,
  `CreatedBy` varchar(70) NOT NULL,
  `CreatedDate` timestamp NOT NULL DEFAULT current_timestamp()
) ENGINE=InnoDB DEFAULT CHARSET=utf8mb4;

--
-- Dumping data for table `deviceweightobsmass`
--

INSERT INTO `deviceweightobsmass` (`RecId`, `DeviceId`, `InstrumentId`, `CalibrationTypeId`, `LineId`, `StWeight`, `Type`, `CreatedBy`, `CreatedDate`) VALUES
(16, 5, 4, 2, 1, '0.20000', 0, 'admin', '2020-04-25 05:09:43'),
(17, 5, 4, 2, 2, '0.50000', 0, 'admin', '2020-04-25 05:09:43'),
(18, 5, 4, 2, 3, '0.80000', 0, 'admin', '2020-04-25 05:09:43'),
(31, 1, 1, 2, 1, '9.99994', 0, 'admin', '2020-05-15 19:57:33'),
(32, 1, 1, 2, 2, '9.99994', 0, 'admin', '2020-05-15 19:57:33'),
(33, 1, 1, 2, 3, '9.99993', 0, 'admin', '2020-05-15 19:57:33'),
(34, 1, 1, 2, 4, '9.99994', 0, 'admin', '2020-05-15 19:57:33'),
(35, 1, 1, 2, 5, '9.99994', 0, 'admin', '2020-05-15 19:57:33'),
(36, 1, 1, 2, 6, '9.99993', 0, 'admin', '2020-05-15 19:57:33'),
(37, 1, 1, 2, 7, '9.99994', 0, 'admin', '2020-05-15 19:57:33'),
(38, 1, 1, 2, 8, '9.99994', 0, 'admin', '2020-05-15 19:57:33'),
(39, 1, 1, 2, 9, '9.99994', 0, 'admin', '2020-05-15 19:57:33'),
(40, 1, 1, 2, 10, '9.99993', 0, 'admin', '2020-05-15 19:57:33'),
(41, 2, 1, 2, 1, '10.00000', 0, 'admin', '2020-05-16 08:28:12'),
(42, 2, 1, 2, 2, '10.00000', 0, 'admin', '2020-05-16 08:28:12'),
(43, 2, 1, 2, 3, '10.00000', 0, 'admin', '2020-05-16 08:28:12'),
(45, 11, 1, 2, 1, '1.00000', 0, 'admin', '2020-05-26 12:41:48'),
(46, 7, 3, 2, 1, '9.99994', 0, 'admin', '2020-06-06 20:11:19'),
(47, 7, 3, 2, 2, '9.99994', 0, 'admin', '2020-06-06 20:11:19'),
(48, 7, 3, 2, 3, '9.99993', 0, 'admin', '2020-06-06 20:11:19'),
(49, 7, 3, 2, 4, '9.99994', 0, 'admin', '2020-06-06 20:11:19'),
(50, 7, 3, 2, 5, '9.99994', 0, 'admin', '2020-06-06 20:11:19'),
(51, 7, 3, 2, 6, '9.99993', 0, 'admin', '2020-06-06 20:11:19'),
(52, 7, 3, 2, 7, '9.99994', 0, 'admin', '2020-06-06 20:11:19'),
(53, 7, 3, 2, 8, '9.99994', 0, 'admin', '2020-06-06 20:11:19'),
(54, 7, 3, 2, 9, '9.99994', 0, 'admin', '2020-06-06 20:11:19'),
(55, 7, 3, 2, 10, '9.99993', 0, 'admin', '2020-06-06 20:11:19'),
(56, 16, 6, 2, 1, '10.00000', 0, 'admin', '2020-06-17 10:24:20'),
(57, 16, 6, 2, 2, '10.00000', 0, 'admin', '2020-06-17 10:24:20'),
(58, 16, 6, 2, 3, '10.00000', 0, 'admin', '2020-06-17 10:24:20'),
(59, 16, 6, 2, 4, '10.00000', 0, 'admin', '2020-06-17 10:24:20'),
(60, 16, 6, 2, 5, '10.00000', 0, 'admin', '2020-06-17 10:24:20'),
(61, 16, 6, 2, 6, '10.00000', 0, 'admin', '2020-06-17 10:24:20'),
(62, 16, 6, 2, 7, '10.00000', 0, 'admin', '2020-06-17 10:24:20'),
(63, 16, 6, 2, 8, '10.00000', 0, 'admin', '2020-06-17 10:24:20'),
(64, 16, 6, 2, 9, '10.00000', 0, 'admin', '2020-06-17 10:24:20'),
(65, 16, 6, 2, 10, '10.00000', 0, 'admin', '2020-06-17 10:24:20'),
(66, 17, 6, 2, 1, '50.00000', 0, 'admin', '2020-06-19 07:30:09'),
(67, 17, 6, 2, 2, '50.00000', 0, 'admin', '2020-06-19 07:30:09'),
(68, 17, 6, 2, 3, '50.00000', 0, 'admin', '2020-06-19 07:30:09'),
(69, 17, 6, 2, 4, '50.00000', 0, 'admin', '2020-06-19 07:30:09'),
(70, 17, 6, 2, 5, '50.00000', 0, 'admin', '2020-06-19 07:30:09'),
(71, 17, 6, 2, 6, '50.00000', 0, 'admin', '2020-06-19 07:30:09'),
(72, 17, 6, 2, 7, '50.00000', 0, 'admin', '2020-06-19 07:30:09'),
(73, 17, 6, 2, 8, '50.00000', 0, 'admin', '2020-06-19 07:30:09'),
(74, 17, 6, 2, 9, '50.00000', 0, 'admin', '2020-06-19 07:30:09'),
(75, 17, 6, 2, 10, '50.00000', 0, 'admin', '2020-06-19 07:30:09');

-- --------------------------------------------------------

--
-- Table structure for table `instrumentmaster`
--

CREATE TABLE `instrumentmaster` (
  `RecId` bigint(20) NOT NULL,
  `Name` varchar(250) NOT NULL,
  `IsActive` int(11) NOT NULL,
  `CreatedBy` varchar(70) NOT NULL,
  `CreatedDate` timestamp NOT NULL DEFAULT current_timestamp()
) ENGINE=InnoDB DEFAULT CHARSET=latin1;

--
-- Dumping data for table `instrumentmaster`
--

INSERT INTO `instrumentmaster` (`RecId`, `Name`, `IsActive`, `CreatedBy`, `CreatedDate`) VALUES
(1, 'Instrument1', 1, 'admin', '2020-02-20 12:25:50'),
(2, 'Instrument2', 1, 'admin', '2020-02-20 12:25:50'),
(3, 'Instrument3', 1, 'tesla', '2020-03-03 07:41:35'),
(4, 'Instrument4', 1, 'tesla', '2020-03-03 23:50:22'),
(5, 'Test Instrument', 1, 'admin', '2020-05-29 15:20:20'),
(6, 'Balance', 1, 'admin', '2020-06-17 09:43:24');

-- --------------------------------------------------------

--
-- Table structure for table `monthlycalibrationdetails`
--

CREATE TABLE `monthlycalibrationdetails` (
  `RecId` bigint(20) NOT NULL,
  `RefRecId` bigint(20) NOT NULL,
  `AverageMass` decimal(28,5) DEFAULT NULL,
  `SD1` decimal(28,5) DEFAULT NULL,
  `SD2` decimal(28,8) DEFAULT NULL,
  `AcceptanceCriteria` varchar(200) DEFAULT NULL,
  `CompliesAcceptanceCriteria` int(11) NOT NULL,
  `DiffAcceptanceCriteria` varchar(200) DEFAULT NULL,
  `CompliesAcceptanceCriteria2` int(11) NOT NULL,
  `CompliesAcceptanceCriteria3` int(11) NOT NULL,
  `DisplayWeightA` decimal(28,5) DEFAULT NULL,
  `DisplayWeightB` decimal(28,5) DEFAULT NULL,
  `Sensitivity` varchar(200) DEFAULT NULL,
  `AcceptanceCriteriaDetail` varchar(500) DEFAULT NULL,
  `TfileA` varchar(250) DEFAULT NULL,
  `IfileA` varchar(250) DEFAULT NULL,
  `TfileB` varchar(250) DEFAULT NULL,
  `IfileB` varchar(250) DEFAULT NULL,
  `CreatedBy` varchar(70) NOT NULL,
  `CreatedDate` timestamp NOT NULL DEFAULT current_timestamp()
) ENGINE=InnoDB DEFAULT CHARSET=utf8mb4;

--
-- Dumping data for table `monthlycalibrationdetails`
--

INSERT INTO `monthlycalibrationdetails` (`RecId`, `RefRecId`, `AverageMass`, `SD1`, `SD2`, `AcceptanceCriteria`, `CompliesAcceptanceCriteria`, `DiffAcceptanceCriteria`, `CompliesAcceptanceCriteria2`, `CompliesAcceptanceCriteria3`, `DisplayWeightA`, `DisplayWeightB`, `Sensitivity`, `AcceptanceCriteriaDetail`, `TfileA`, `IfileA`, `TfileB`, `IfileB`, `CreatedBy`, `CreatedDate`) VALUES
(1, 41, '1.00000', '0.04800', '1.00000000', 'NMT 10%', 1, '', 0, 0, '0.00000', '0.00000', '', '', '', '', '', '', 'analysis', '2020-04-24 11:07:24'),
(2, 42, '0.66667', '0.04800', '0.66667000', 'NMT 10%', 1, '0.05g', 1, 2, '200.50000', '250.25000', 'Fails', 'testing', '', '', '', '', 'analysis', '2020-04-25 06:45:48'),
(3, 44, '1.00000', '0.04800', '1.00000000', 'NMT 10%', 1, NULL, 0, 0, NULL, NULL, NULL, NULL, '', '', '', '', 'analysis', '2020-04-27 08:41:25'),
(4, 49, '2.79270', '0.04800', '2.79270000', 'NMT 0.10%', 1, '', 0, 0, '0.00000', '0.00000', '', '', '', '', '', '', 'analysis', '2020-04-28 13:28:31'),
(5, 51, '2.79270', '0.04800', '2.79270000', 'NMT 0.10%', 1, '', 0, 0, '0.00000', '0.00000', '', '', '', '', '', '', 'analysis', '2020-04-29 06:44:48'),
(6, 52, '2.79270', '0.04800', '2.79270000', 'NMT 0.10%', 1, '0.05g', 1, 2, '0.00000', '0.00000', '', '', '', '', '', '', 'analysis', '2020-04-30 05:47:25'),
(7, 53, '2.79270', '0.04800', '2.79270000', 'NMT 0.10%', 1, '0.05g', 2, 2, '0.20000', '0.10000', 'Fails', 'test', '', '', '', '', 'analysis', '2020-04-30 07:14:27'),
(10, 68, '1.79270', '0.04800', '1.79270000', 'NMT 0.10%', 1, '0.05g', 2, 1, '0.20001', '0.60002', 'FAIL', 'test Fail data', '', '', '', '', 'analysis', '2020-05-07 09:45:34'),
(12, 69, '1.79270', '0.04800', '1.79270000', 'NMT 0.10%', 1, '0.05g', 2, 2, '0.00000', '0.00000', '', '', '', '', '', '', 'analysis', '2020-05-11 04:55:04'),
(13, 70, '1.79270', '0.04800', '1.79270000', 'NMT 0.10%', 1, '0.05g', 1, 2, '0.20000', '0.60000', 'PASS', 'test', '', '', '', '', 'analysis', '2020-05-11 04:58:39'),
(14, 71, '1.79270', '0.00000', '0.00000000', 'NMT 0.10%', 1, '0.05g', 2, 2, '4.79130', '4.79130', 'FAILS', 'The weight displayed after taking out 200g weight should not be more than 0.1g.', '', '', '', '', 'analysis', '2020-05-14 07:47:25'),
(15, 72, '9.99994', '0.04000', '0.00000000', 'NMT 0.10%', 1, '0.05g', 1, 0, '0.00000', '0.00000', NULL, NULL, '', '', '', '', 'analysis', '2020-05-15 20:04:33'),
(16, 73, '4.99992', '0.18856', '0.00002000', 'NMT 0.10%', 2, '0.05g', 1, 0, '0.00000', '0.00000', '', '', '', '', '', '', 'analysis', '2020-05-16 08:36:06'),
(17, 77, '4.99991', '0.00000', '0.00000000', 'NMT 0.10%', 1, '0.05g', 1, 2, '4.99991', '4.99991', 'FAILS', 'The weight displayed after taking out 200g weight should not be more than 0.1g.', '', '', '', '', 'analysis', '2020-05-19 05:33:33'),
(18, 80, '2.49995', '24999.55000', '2.49995000', 'NMT 0.10%', 2, '0.05g', 2, 2, '4.99991', '4.99991', 'FAILS', 'The weight displayed after taking out 200g weight should not be more than 0.1g.', '', '', '', '', 'analysis', '2020-05-19 09:36:57'),
(19, 82, '4.99991', '0.00000', '0.00000000', 'NMT 0.10%', 2, '0.05g', 2, 2, '4.99991', '4.99991', 'FAILS', 'The weight displayed after taking out 200g weight should not be more than 0.1g.', '637139226052210585.txt', '637139226052210585.bmp', '', '', 'analysis', '2020-05-20 06:46:14'),
(20, 83, '4.99991', '0.00000', '0.00000000', 'NMT 0.10%', 2, '0.05g', 2, 2, '3.99991', '0.00000', 'PASSES', 'The weight displayed after taking out 200g weight should not be more than 0.1g.', '637139226052210585.txt', '637139226052210585.bmp', '637139226052210585.txt', '637139226052210585.bmp', 'analysis', '2020-05-21 05:18:09'),
(21, 84, '3.35847', '12828.84000', '1.28288000', 'NMT 0.10%', 1, '', 0, 0, '0.00000', '0.00000', '', '', '', '', '', '', 'analysis', '2020-05-25 09:49:38'),
(22, 87, '0.79270', '0.00000', '0.00000000', 'NMT 0.10%', 2, '0.05g', 2, 2, '0.79270', '0.79270', 'FAILS', 'The weight displayed after taking out 200g weight should not be more than 0.1g.', '637139226648446407.txt', '637139226648446407.bmp', '637139226648446407.txt', '637139226648446407.bmp', 'analysis', '2020-05-26 05:14:29'),
(23, 88, '0.79270', '0.00000', '0.00000000', 'NMT 0.10%', 2, '', 0, 0, '0.00000', '0.00000', '', '', '', '', '', '', 'analysis', '2020-05-26 05:18:11'),
(24, 90, '0.79270', '0.00000', '0.00000000', 'NMT 0.10%', 2, '0.05g', 2, 2, '0.79270', '0.79270', 'FAILS', 'The weight displayed after taking out 200g weight should not be more than 0.1g.', '637139226648446407.txt', '637139226648446407.bmp', '637139226648446407.txt', '637139226648446407.bmp', 'analysis', '2020-05-26 12:04:18'),
(25, 91, '0.79270', '0.00000', '0.00000000', 'NMT 0.10%', 2, '', 0, 0, '0.00000', '0.00000', '', '', '', '', '', '', 'analysis', '2020-05-26 12:08:02'),
(26, 92, '0.79270', '0.00000', '0.00000000', 'NMT 0.10%', 2, '', 0, 0, '0.00000', '0.00000', '', '', '', '', '', '', 'analysis', '2020-05-27 11:45:24'),
(27, 95, '9.99994', '0.04830', '0.00000483', 'NMT 0.10%', 2, '', 0, 0, '0.00000', '0.00000', '', '', '', '', '', '', 'analysis', '2020-06-06 20:26:51'),
(28, 102, '9.99994', '0.00000', '0.00000000', 'NMT 0.10%', 2, '', 0, 0, '0.00000', '0.00000', '', '', '', '', '', '', 'analysis', '2020-06-10 06:19:16'),
(29, 103, '0.02680', '0.00000', '0.00000000', 'NMT 0.10%', 2, '0.05g', 1, 2, '0.00000', '0.00000', '', '', '', '', '', '', 'analysis', '2020-06-12 06:08:34'),
(30, 115, '0.02680', NULL, NULL, 'NMT 0.10%', 0, '0.05g', 1, 3, '0.02680', '0.02680', 'FAILS', 'The weight displayed after taking out 200g weight should not be more than 0.1g.', '637172057447965701.txt', '637172057447965701.bmp', '637172057447965701.txt', '637172057447965701.bmp', 'analysis', '2020-06-17 08:58:28'),
(31, 116, '0.02680', '0.00000', '0.00000000', 'NMT 0.10%', 2, '', 0, 0, '0.00000', '0.00000', '', '', '', '', '', '', 'analysis', '2020-06-17 09:23:58'),
(32, 117, '0.02680', '0.00000', '0.00000000', 'NMT 0.10%', 2, '0.05g', 1, 2, '0.02680', '0.02680', 'FAILS', 'The weight displayed after taking out 200g weight should not be more than 0.1g.', '637172057447965701.txt', '637172057447965701.bmp', '637172057447965701.txt', '637172057447965701.bmp', 'analysis', '2020-06-17 09:26:47'),
(33, 121, '9.99994', '0.04830', '0.00000483', 'NMT 0.10%', 2, '0.05g', 1, 2, '200.00010', '0.00000', 'PASSES', 'The weight displayed after taking out 200g weight should not be more than 0.1g.', '637172057447965701.txt', '637172057447965701.bmp', '637172057447965701.txt', '637172057447965701.bmp', 'analysis', '2020-06-17 12:07:51'),
(34, 127, '9.99994', '0.04830', '0.00000483', 'NMT 0.10%', 2, '0.05g', 1, 2, '200.00010', '0.00000', 'PASSES', 'The weight displayed after taking out 200g weight should not be more than 0.1g.', '637172057447965701.txt', '637172057447965701.bmp', '637172057447965701.txt', '637172057447965701.bmp', 'analysis', '2020-06-19 06:49:13'),
(35, 129, '49.99994', '0.04830', '0.00000483', 'NMT 0.10%', 2, '', 0, 0, '0.00000', '0.00000', '', '', '', '', '', '', 'analysis', '2020-06-19 08:15:08'),
(36, 130, '49.99993', '0.00000', '0.00000000', 'NMT 0.10%', 2, '0.05g', 2, 2, '49.99993', '49.99993', 'FAILS', 'The weight displayed after taking out 200g weight should not be more than 0.1g.', '637172057447965701.txt', '637172057447965701.bmp', '637172057447965701.txt', '637172057447965701.bmp', 'analysis', '2020-06-19 08:35:12'),
(37, 134, '49.99993', '0.00000', '0.00000000', 'NMT 0.10%', 2, '0.05g', 1, 2, '49.99993', '49.99993', 'FAILS', 'The weight displayed after taking out 200g weight should not be more than 0.1g.', '637172057447965701.txt', '637172057447965701.bmp', '637172057447965701.txt', '637172057447965701.bmp', 'analysis', '2020-06-30 06:35:52'),
(38, 135, '49.99993', '0.00000', '0.00000000', 'NMT 0.10%', 2, '', 0, 0, '0.00000', '0.00000', '', '', '', '', '', '', 'analysis', '2020-06-30 06:37:25');

-- --------------------------------------------------------

--
-- Table structure for table `rolemaster`
--

CREATE TABLE `rolemaster` (
  `RecId` bigint(20) NOT NULL,
  `Role` varchar(100) NOT NULL,
  `IsActive` int(11) NOT NULL
) ENGINE=InnoDB DEFAULT CHARSET=latin1;

--
-- Dumping data for table `rolemaster`
--

INSERT INTO `rolemaster` (`RecId`, `Role`, `IsActive`) VALUES
(1, 'admin', 1),
(2, 'analysis', 1),
(3, 'verify', 1),
(4, 'approver', 1);

-- --------------------------------------------------------

--
-- Table structure for table `statusmaster`
--

CREATE TABLE `statusmaster` (
  `RecId` int(11) NOT NULL,
  `Name` varchar(250) NOT NULL,
  `IsActive` int(11) NOT NULL
) ENGINE=InnoDB DEFAULT CHARSET=latin1;

--
-- Dumping data for table `statusmaster`
--

INSERT INTO `statusmaster` (`RecId`, `Name`, `IsActive`) VALUES
(10, 'New', 1),
(20, 'Verify', 1),
(25, 'Decline (Verify)', 1),
(30, 'Approve', 1),
(40, 'Decline (Approver)', 1);

-- --------------------------------------------------------

--
-- Table structure for table `userloginlog`
--

CREATE TABLE `userloginlog` (
  `RecId` bigint(20) NOT NULL,
  `UserId` varchar(70) NOT NULL,
  `LoginDate` timestamp NOT NULL DEFAULT current_timestamp(),
  `Status` int(11) NOT NULL
) ENGINE=InnoDB DEFAULT CHARSET=latin1;

--
-- Dumping data for table `userloginlog`
--

INSERT INTO `userloginlog` (`RecId`, `UserId`, `LoginDate`, `Status`) VALUES
(1, 'admin', '2020-02-26 02:06:41', 1),
(2, 'admin', '2020-02-26 02:06:55', 0),
(3, 'admin', '2020-02-26 02:07:10', 1),
(4, 'admin', '2020-02-26 02:12:01', 1),
(5, 'analysis@gmail.com', '2020-02-26 02:12:25', 0),
(6, 'analysis', '2020-02-26 02:12:38', 1),
(7, 'admin', '2020-02-26 02:13:16', 1),
(8, 'admin', '2020-02-26 02:17:16', 1),
(9, 'analysis', '2020-02-26 03:34:02', 1),
(10, 'admin', '2020-02-26 04:47:46', 1),
(11, 'analysis', '2020-02-26 04:50:43', 1),
(12, 'Verify1', '2020-02-26 05:56:42', 1),
(13, 'analysis', '2020-02-26 06:02:12', 1),
(14, 'Verify1', '2020-02-26 06:02:30', 1),
(15, 'analysis', '2020-02-26 06:27:06', 1),
(16, 'Verify1', '2020-02-26 06:28:11', 1),
(17, 'analysis', '2020-02-26 06:33:26', 1),
(18, 'Verify1', '2020-02-26 06:33:44', 1),
(19, 'analysis', '2020-02-26 06:45:35', 1),
(20, 'Verify1', '2020-02-26 07:04:19', 1),
(21, 'Verify1', '2020-02-26 07:37:15', 1),
(22, 'approver', '2020-02-26 07:49:08', 1),
(23, 'admin', '2020-02-26 23:58:20', 1),
(24, 'analysis', '2020-02-27 00:06:21', 1),
(25, 'Verify1', '2020-02-27 00:11:48', 1),
(26, 'approver', '2020-02-27 00:32:16', 1),
(27, 'analysis', '2020-02-27 01:16:22', 1),
(28, 'analysis', '2020-02-27 01:35:42', 1),
(29, 'analysis', '2020-02-27 06:03:12', 1),
(30, 'analysis', '2020-02-27 07:49:59', 1),
(31, 'analysis', '2020-02-27 07:52:42', 1),
(32, 'analysis', '2020-02-27 23:49:14', 1),
(33, 'admin', '2020-02-28 04:50:53', 1),
(34, 'analysis', '2020-02-28 04:54:22', 1),
(35, 'admin', '2020-02-28 04:56:32', 1),
(36, 'admin', '2020-02-28 05:00:57', 1),
(37, 'analysis', '2020-02-28 05:40:37', 1),
(38, 'analysis', '2020-02-28 06:28:29', 1),
(39, 'approver', '2020-02-28 07:18:31', 1),
(40, 'approver', '2020-02-28 07:20:48', 1),
(41, 'analysis', '2020-02-28 07:32:23', 1),
(42, 'analysis', '2020-02-28 23:54:18', 1),
(43, 'admin', '2020-02-28 23:59:24', 1),
(44, 'verify', '2020-02-28 23:59:46', 1),
(45, 'verify', '2020-02-29 00:00:31', 1),
(46, 'approver', '2020-02-29 00:00:50', 1),
(47, 'approver', '2020-02-29 00:16:04', 0),
(48, 'approver1', '2020-02-29 00:16:11', 0),
(49, 'approver', '2020-02-29 00:16:17', 1),
(50, 'verify', '2020-02-29 00:33:45', 1),
(51, 'analysis', '2020-02-29 05:56:46', 1),
(52, 'verify', '2020-02-29 06:37:14', 1),
(53, 'approver', '2020-02-29 07:05:29', 1),
(54, 'analysis', '2020-03-01 23:52:29', 1),
(55, 'verify', '2020-03-02 00:02:19', 1),
(56, 'approver', '2020-03-02 00:04:54', 1),
(57, 'admin', '2020-03-02 00:50:13', 1),
(58, 'analysis', '2020-03-02 00:51:40', 1),
(59, 'analysis', '2020-03-02 01:02:11', 1),
(60, 'admin', '2020-03-02 01:04:29', 1),
(61, 'analysis', '2020-03-02 01:54:30', 1),
(62, 'ksadsad', '2020-03-02 05:49:12', 0),
(63, 'asdad', '2020-03-02 05:49:18', 0),
(64, 'verify', '2020-03-02 05:56:05', 0),
(65, 'newton', '2020-03-02 05:58:05', 0),
(66, 'newton', '2020-03-02 05:58:41', 0),
(67, 'admin', '2020-03-02 06:01:24', 0),
(68, 'newton', '2020-03-02 06:01:34', 1),
(69, 'newton', '2020-03-02 06:06:53', 1),
(70, 'tesla', '2020-03-02 06:38:40', 1),
(71, 'tesla', '2020-03-02 06:40:05', 1),
(72, 'tesla', '2020-03-02 06:40:20', 1),
(73, 'tesla', '2020-03-02 06:41:36', 0),
(74, 'tesla', '2020-03-02 06:42:49', 0),
(75, 'tesla', '2020-03-02 06:43:25', 1),
(76, 'tesla', '2020-03-02 06:43:48', 1),
(77, 'tesla', '2020-03-02 06:45:55', 1),
(78, 'tesla', '2020-03-02 06:47:45', 1),
(79, 'tesla', '2020-03-02 06:47:54', 1),
(80, 'newton', '2020-03-02 06:53:09', 1),
(81, 'newton', '2020-03-02 06:56:12', 1),
(82, 'newton', '2020-03-02 07:13:31', 1),
(83, 'euler', '2020-03-02 07:26:27', 1),
(84, 'newton', '2020-03-02 07:35:19', 1),
(85, 'tesla', '2020-03-02 23:41:39', 1),
(86, 'tesla', '2020-03-02 23:56:35', 1),
(87, 'newton', '2020-03-03 00:11:09', 1),
(88, 'tesla', '2020-03-03 00:11:40', 1),
(89, 'newton', '2020-03-03 00:14:56', 1),
(90, 'tesla', '2020-03-03 00:16:46', 1),
(91, 'newton', '2020-03-03 02:14:50', 0),
(92, 'newton', '2020-03-03 02:15:16', 0),
(93, 'newton', '2020-03-03 02:15:47', 0),
(94, 'newton', '2020-03-03 02:16:48', 0),
(95, 'adsasdada', '2020-03-03 02:16:57', 0),
(96, 'newton', '2020-03-03 02:17:11', 0),
(97, 'newton', '2020-03-03 02:17:22', 1),
(98, 'tesla', '2020-03-03 02:17:39', 0),
(99, 'tesla', '2020-03-03 02:17:53', 1),
(100, 'tesla', '2020-03-03 06:02:35', 1),
(101, 'tesla', '2020-03-03 06:15:44', 1),
(102, 'tesla', '2020-03-03 23:50:04', 1),
(103, 'tesla', '2020-03-04 01:27:25', 1),
(104, 'tesla', '2020-03-04 07:40:24', 1),
(105, 'tesla', '2020-03-04 23:50:02', 1),
(106, 'tesla', '2020-03-05 00:21:39', 1),
(107, 'newton', '2020-03-05 00:41:28', 1),
(108, 'newton', '2020-03-05 04:37:05', 1),
(109, 'newton', '2020-03-05 04:46:32', 1),
(110, 'tesla', '2020-03-05 04:47:25', 1),
(111, 'newton', '2020-03-05 04:48:28', 1),
(112, 'tesla', '2020-03-05 07:02:30', 1),
(113, 'tesla', '2020-03-05 07:02:46', 1),
(114, 'tesla', '2020-03-05 07:04:30', 1),
(115, 'tesla', '2020-03-06 00:30:14', 1),
(116, 'tesla', '2020-03-06 03:39:44', 0),
(117, 'tesla', '2020-03-06 03:40:06', 1),
(118, 'tesla', '2020-03-06 03:42:01', 1),
(119, 'tesla', '2020-03-06 03:43:11', 1),
(120, 'tesla', '2020-03-06 04:13:44', 0),
(121, 'tesla', '2020-03-06 04:13:50', 1),
(122, 'tesla', '2020-03-06 07:13:53', 1),
(123, 'tesla', '2020-03-07 00:13:06', 0),
(124, 'tesla', '2020-03-07 00:13:23', 0),
(125, 'newton', '2020-03-07 00:13:49', 0),
(126, 'tesla', '2020-03-07 00:15:23', 1),
(127, 'tesla', '2020-03-07 01:08:00', 1),
(128, 'tesla', '2020-03-07 02:32:06', 1),
(129, 'einstein', '2020-03-07 02:40:29', 1),
(130, 'tesla', '2020-03-11 01:14:08', 1),
(131, 'newton', '2020-03-11 01:42:31', 1),
(132, 'tesla', '2020-03-11 01:45:31', 1),
(133, 'tesla', '2020-03-16 02:17:34', 1),
(134, 'newton', '2020-03-16 02:18:03', 1),
(135, 'newton', '2020-03-16 02:25:15', 1),
(136, 'tesla', '2020-03-16 05:31:27', 1),
(137, 'sdfsfs', '2020-03-16 06:35:06', 0),
(138, 'sdfsf', '2020-03-16 06:35:09', 0),
(139, 'tesla', '2020-03-18 01:36:40', 1),
(140, 'tesla', '2020-03-18 01:40:39', 1),
(141, 'TestUser', '2020-03-18 03:54:58', 0),
(142, 'TestUser', '2020-03-18 03:55:11', 0),
(143, 'tesla', '2020-03-18 04:01:25', 0),
(144, 'tesla', '2020-03-18 04:01:31', 0),
(145, 'tesla', '2020-03-18 04:01:39', 0),
(146, 'newton', '2020-03-18 04:02:13', 0),
(147, 'tesla', '2020-03-18 04:03:44', 1),
(148, 'TestUser', '2020-03-18 04:04:05', 0),
(149, 'TestUser', '2020-03-18 04:04:22', 0),
(150, 'tesla', '2020-03-18 04:18:50', 1),
(151, 'test123', '2020-03-18 04:21:37', 1),
(152, 'newton', '2020-03-18 04:21:54', 1),
(153, 'tesla', '2020-03-18 04:50:20', 1),
(154, 'newton', '2020-03-18 10:28:47', 1),
(155, 'tesla', '2020-03-18 10:30:10', 1),
(156, 'tesla', '2020-03-18 10:56:45', 1),
(157, 'newton', '2020-03-18 10:57:10', 1),
(158, 'tesla', '2020-03-18 11:21:59', 1),
(159, 'tesla', '2020-03-18 11:31:52', 0),
(160, 'tesla', '2020-03-18 11:32:03', 1),
(161, 'newton', '2020-03-18 12:14:16', 0),
(162, 'newton', '2020-03-18 12:15:01', 0),
(163, 'newton', '2020-03-18 12:15:48', 0),
(164, 'newton', '2020-03-18 12:27:03', 1),
(165, 'admin', '2020-03-18 12:36:44', 1),
(166, 'analysis', '2020-03-18 12:41:30', 1),
(167, 'admin', '2020-03-18 13:16:27', 1),
(168, 'admin', '2020-03-19 06:01:37', 1),
(169, 'analysis', '2020-03-19 06:47:36', 0),
(170, 'analysis', '2020-03-19 06:47:42', 1),
(171, 'approver', '2020-03-19 07:51:02', 1),
(172, 'admin', '2020-03-19 09:14:34', 1),
(173, 'approver', '2020-03-19 11:52:54', 1),
(174, 'Verify1', '2020-03-19 11:53:05', 1),
(175, 'analysis', '2020-03-19 11:55:34', 1),
(176, 'Verify1', '2020-03-19 12:01:58', 1),
(177, 'analysis', '2020-03-19 12:16:34', 1),
(178, 'admin', '2020-03-20 07:23:51', 1),
(179, 'analysis', '2020-03-20 08:52:34', 1),
(180, 'admin', '2020-03-20 11:25:31', 1),
(181, 'admin', '2020-03-20 11:58:52', 1),
(182, 'admin', '2020-03-21 05:47:50', 1),
(183, 'analysis', '2020-03-21 05:50:39', 1),
(184, 'admin', '2020-03-21 07:18:42', 1),
(185, 'analysis', '2020-03-23 09:32:01', 1),
(186, 'admin', '2020-03-23 09:36:27', 1),
(187, 'analysis', '2020-03-23 09:37:57', 1),
(188, 'admin', '2020-03-23 09:50:57', 1),
(189, 'admin', '2020-03-24 11:56:21', 1),
(190, 'admin', '2020-03-28 08:49:14', 1),
(191, 'admin', '2020-03-30 08:59:17', 1),
(192, 'admin', '2020-03-31 05:18:13', 1),
(193, 'analiysis', '2020-03-31 05:18:43', 0),
(194, 'analysis', '2020-03-31 05:18:56', 1),
(195, 'admin', '2020-03-31 05:38:58', 1),
(196, 'analysis', '2020-03-31 05:39:14', 1),
(197, 'analysis', '2020-03-31 06:52:25', 1),
(198, 'admin', '2020-03-31 06:57:10', 1),
(199, 'analysis', '2020-03-31 08:30:27', 1),
(200, 'admin', '2020-03-31 09:05:09', 1),
(201, 'analiysis', '2020-03-31 11:37:23', 0),
(202, 'analysis', '2020-03-31 11:37:30', 1),
(203, 'analysis', '2020-04-01 05:16:13', 1),
(204, 'admin', '2020-04-03 05:03:49', 1),
(205, 'analysis', '2020-04-03 05:04:08', 1),
(206, 'admin', '2020-04-03 06:57:59', 1),
(207, 'admin', '2020-04-03 07:22:32', 1),
(208, 'analysis', '2020-04-03 07:22:43', 1),
(209, 'analysis', '2020-04-03 12:14:45', 1),
(210, 'admin', '2020-04-03 12:19:37', 1),
(211, 'analysis', '2020-04-04 05:09:51', 1),
(212, 'admin', '2020-04-04 05:12:03', 1),
(213, 'admin', '2020-04-04 06:45:22', 1),
(214, 'analysis', '2020-04-04 07:34:38', 1),
(215, 'admin', '2020-04-20 05:23:25', 1),
(216, 'analysis', '2020-04-20 05:23:51', 1),
(217, 'admin', '2020-04-20 05:35:14', 1),
(218, 'admin', '2020-04-20 06:01:37', 1),
(219, 'analysis', '2020-04-20 06:02:20', 1),
(220, 'analysis', '2020-04-20 06:43:49', 1),
(221, 'admin', '2020-04-23 05:50:18', 1),
(222, 'admin', '2020-04-23 08:39:33', 1),
(223, 'admin', '2020-04-24 05:33:07', 1),
(224, 'analysis', '2020-04-24 06:01:16', 1),
(225, 'analysis', '2020-04-24 09:26:23', 1),
(226, 'admin', '2020-04-24 11:15:54', 1),
(227, 'analysis', '2020-04-24 11:16:56', 1),
(228, 'admin', '2020-04-24 11:17:23', 1),
(229, 'analysis', '2020-04-24 11:24:15', 1),
(230, 'admin', '2020-04-24 11:24:52', 1),
(231, 'admin', '2020-04-24 11:25:38', 1),
(232, 'analysis', '2020-04-24 11:25:54', 1),
(233, 'admin', '2020-04-24 11:27:09', 1),
(234, 'admin', '2020-04-25 05:04:59', 1),
(235, 'analysis', '2020-04-25 05:10:30', 1),
(236, 'analysis', '2020-04-27 05:11:18', 1),
(237, 'admin', '2020-04-27 05:30:31', 1),
(238, 'analysis', '2020-04-27 05:54:10', 1),
(239, 'admin', '2020-04-27 06:04:33', 1),
(240, 'analysis', '2020-04-27 06:26:06', 1),
(241, 'admin', '2020-04-27 06:32:28', 1),
(242, 'analysis', '2020-04-27 07:10:39', 1),
(243, 'admin', '2020-04-27 07:11:11', 1),
(244, 'analysis', '2020-04-27 07:11:53', 1),
(245, 'analysis', '2020-04-27 10:25:00', 1),
(246, 'analysis', '2020-04-28 10:24:23', 1),
(247, 'analysis', '2020-04-29 06:41:23', 1),
(248, 'admin', '2020-04-29 09:37:29', 1),
(249, 'analysis', '2020-04-29 12:29:28', 1),
(250, 'admin', '2020-04-30 05:18:44', 1),
(251, 'analysis', '2020-04-30 05:31:12', 1),
(252, 'admin', '2020-04-30 05:40:47', 1),
(253, 'analysis', '2020-04-30 05:43:42', 1),
(254, 'admin', '2020-04-30 10:32:34', 1),
(255, 'analysis', '2020-04-30 12:01:35', 1),
(256, 'admin', '2020-05-02 05:01:10', 1),
(257, 'analysis', '2020-05-02 05:02:44', 1),
(258, 'verify', '2020-05-02 10:05:38', 1),
(259, 'analysis', '2020-05-02 10:08:17', 1),
(260, 'verify', '2020-05-02 10:13:10', 1),
(261, 'analysis', '2020-05-02 12:03:29', 1),
(262, 'approver', '2020-05-02 12:19:20', 1),
(263, 'approver', '2020-05-02 12:42:19', 1),
(264, 'analysis', '2020-05-02 13:37:52', 1),
(265, 'admin', '2020-05-02 13:38:32', 1),
(266, 'analysis', '2020-05-02 13:44:04', 1),
(267, 'admin', '2020-05-04 06:01:32', 1),
(268, 'anaysis', '2020-05-04 06:23:16', 0),
(269, 'analysis', '2020-05-04 06:23:26', 1),
(270, 'admin', '2020-05-04 06:26:27', 1),
(271, 'analysis', '2020-05-04 06:27:08', 1),
(272, 'admin', '2020-05-04 06:41:58', 1),
(273, 'analysis', '2020-05-04 06:42:37', 1),
(274, 'admin', '2020-05-04 08:39:07', 1),
(275, 'analysis', '2020-05-04 08:41:18', 1),
(276, 'admin', '2020-05-04 09:23:26', 1),
(277, 'analysis', '2020-05-04 09:30:42', 1),
(278, 'analysis', '2020-05-04 10:05:21', 1),
(279, 'analysis', '2020-05-04 11:18:50', 1),
(280, 'analysis', '2020-05-04 11:37:10', 1),
(281, 'admin', '2020-05-04 13:17:09', 1),
(282, 'analysis', '2020-05-04 13:17:42', 1),
(283, 'admin', '2020-05-04 13:20:30', 1),
(284, 'analysis', '2020-05-04 13:21:52', 1),
(285, 'admin', '2020-05-06 06:45:59', 1),
(286, 'analysis', '2020-05-06 09:07:59', 1),
(287, 'analysis', '2020-05-07 04:57:04', 1),
(288, 'analysis', '2020-05-09 04:46:52', 1),
(289, 'verify', '2020-05-09 05:50:25', 1),
(290, 'approver', '2020-05-09 06:16:04', 1),
(291, 'analysis', '2020-05-09 06:29:40', 1),
(292, 'analysis', '2020-05-09 06:37:28', 1),
(293, 'analysis', '2020-05-11 04:53:39', 1),
(294, 'admin', '2020-05-11 06:19:38', 1),
(295, 'analysis', '2020-05-14 07:45:56', 1),
(296, 'analysis', '2020-05-15 18:25:03', 1),
(297, 'admin', '2020-05-15 19:55:48', 1),
(298, 'analysis', '2020-05-15 19:57:48', 1),
(299, 'analysis', '2020-05-16 07:11:26', 1),
(300, 'admin', '2020-05-16 08:27:19', 1),
(301, 'analysis', '2020-05-16 08:28:35', 1),
(302, 'admin', '2020-05-16 09:14:24', 1),
(303, 'analysis', '2020-05-16 09:17:23', 1),
(304, 'analysis', '2020-05-19 05:06:16', 1),
(305, 'analysis', '2020-05-19 09:25:45', 1),
(306, 'admin', '2020-05-19 09:27:06', 1),
(307, 'analysis', '2020-05-19 09:27:29', 1),
(308, 'verify', '2020-05-19 09:38:43', 1),
(309, 'approver', '2020-05-19 09:39:05', 1),
(310, 'verify', '2020-05-19 09:40:21', 1),
(311, 'approver', '2020-05-19 09:41:23', 1),
(312, 'analysis', '2020-05-20 05:21:50', 1),
(313, 'analysis', '2020-05-20 06:15:29', 1),
(314, 'verify', '2020-05-20 09:25:21', 1),
(315, 'approver', '2020-05-20 09:25:42', 1),
(316, 'analysis', '2020-05-20 10:10:03', 1),
(317, 'analysis', '2020-05-20 12:14:00', 1),
(318, 'analysis', '2020-05-21 05:13:32', 1),
(319, 'analysis', '2020-05-23 05:04:31', 1),
(320, 'analysis', '2020-05-23 13:02:46', 1),
(321, 'admin', '2020-05-23 13:03:32', 1),
(322, 'analysis', '2020-05-23 13:04:33', 1),
(323, 'analysis', '2020-05-25 08:26:32', 1),
(324, 'analysis', '2020-05-26 05:00:35', 1),
(325, 'analysis', '2020-05-26 11:43:50', 1),
(326, 'analysis', '2020-05-26 11:45:30', 0),
(327, 'analysis', '2020-05-26 11:45:46', 1),
(328, 'admin', '2020-05-26 11:50:21', 1),
(329, 'ANALYSIS', '2020-05-26 11:56:29', 0),
(330, 'analysis', '2020-05-26 11:56:39', 1),
(331, 'admin', '2020-05-26 12:11:50', 1),
(332, 'analysis', '2020-05-26 12:13:37', 1),
(333, 'admin', '2020-05-26 12:14:35', 1),
(334, 'admin', '2020-05-26 12:17:38', 1),
(335, 'analysis', '2020-05-26 12:30:35', 1),
(336, 'admin', '2020-05-26 12:41:03', 1),
(337, 'analysis', '2020-05-26 12:42:07', 1),
(338, 'verify', '2020-05-26 12:45:55', 1),
(339, 'analysis', '2020-05-26 13:30:22', 1),
(340, 'approver', '2020-05-26 14:13:11', 1),
(341, 'analysis', '2020-05-27 11:42:28', 1),
(342, 'admin', '2020-05-29 14:47:00', 1),
(343, 'analysis', '2020-06-01 12:49:05', 1),
(344, 'analysis', '2020-06-01 12:49:07', 1),
(345, 'admin', '2020-06-01 12:51:53', 1),
(346, 'analysis', '2020-06-01 12:54:23', 1),
(347, 'admin', '2020-06-01 12:55:20', 1),
(348, 'analysis', '2020-06-01 12:56:51', 1),
(349, 'analysis', '2020-06-03 10:04:15', 1),
(350, 'analysis', '2020-06-06 17:26:56', 1),
(351, 'analysis', '2020-06-06 19:28:47', 1),
(352, 'admin', '2020-06-06 20:09:50', 1),
(353, 'analysis', '2020-06-06 20:11:44', 1),
(354, 'analysis', '2020-06-10 05:36:46', 1),
(355, 'analysis', '2020-06-10 06:15:37', 1),
(356, 'analysis', '2020-06-10 07:08:05', 1),
(357, 'analysis', '2020-06-10 07:08:56', 1),
(358, 'analysis', '2020-06-10 07:13:33', 1),
(359, 'analysis', '2020-06-10 07:15:07', 1),
(360, 'analysis', '2020-06-10 07:16:39', 1),
(361, 'analysis', '2020-06-10 07:27:32', 1),
(362, 'analysis', '2020-06-10 07:31:50', 1),
(363, 'analysis', '2020-06-10 08:23:10', 1),
(364, 'analysis', '2020-06-10 08:25:24', 1),
(365, 'analysis', '2020-06-10 08:26:37', 1),
(366, 'analysis', '2020-06-10 08:32:01', 1),
(367, 'analysis', '2020-06-10 09:14:32', 1),
(368, 'analysis', '2020-06-10 09:17:00', 1),
(369, 'analysis', '2020-06-10 09:32:20', 1),
(370, 'analysis', '2020-06-10 09:43:22', 1),
(371, 'analysis', '2020-06-10 09:44:38', 1),
(372, 'analysis', '2020-06-10 09:46:22', 1),
(373, 'analysis', '2020-06-10 09:47:24', 1),
(374, 'analysis', '2020-06-10 09:49:40', 1),
(375, 'analysis', '2020-06-10 09:55:33', 1),
(376, 'analysis', '2020-06-10 09:58:55', 1),
(377, 'analysis', '2020-06-10 10:05:13', 1),
(378, 'analysis', '2020-06-10 10:15:45', 1),
(379, 'analysis', '2020-06-10 10:17:24', 1),
(380, 'analysis', '2020-06-10 10:18:33', 1),
(381, 'analysis', '2020-06-10 10:20:32', 1),
(382, 'analysis', '2020-06-10 10:24:59', 1),
(383, 'analysis', '2020-06-10 10:26:37', 1),
(384, 'analysis', '2020-06-10 10:26:58', 1),
(385, 'analysis', '2020-06-10 10:29:09', 1),
(386, 'analysis', '2020-06-10 10:30:41', 1),
(387, 'analysis', '2020-06-10 10:32:51', 1),
(388, 'analysis', '2020-06-10 11:27:36', 1),
(389, 'analysis', '2020-06-10 11:28:38', 1),
(390, 'analysis', '2020-06-10 11:38:03', 1),
(391, 'analysis', '2020-06-10 11:39:01', 1),
(392, 'analysis', '2020-06-10 11:40:17', 1),
(393, 'analysis', '2020-06-10 11:44:12', 1),
(394, 'analysis', '2020-06-10 11:46:02', 1),
(395, 'analysis', '2020-06-10 12:12:02', 1),
(396, 'analysis', '2020-06-10 12:13:23', 1),
(397, 'analysis', '2020-06-10 12:20:28', 1),
(398, 'analysis', '2020-06-10 12:25:34', 1),
(399, 'analysis', '2020-06-10 12:27:03', 1),
(400, 'analysis', '2020-06-10 12:28:40', 1),
(401, 'analysis', '2020-06-10 12:31:44', 1),
(402, 'analysis', '2020-06-10 12:32:25', 1),
(403, 'analysis', '2020-06-10 12:35:43', 1),
(404, 'analysis', '2020-06-11 04:52:02', 1),
(405, 'analysis', '2020-06-11 05:25:32', 1),
(406, 'analysis', '2020-06-11 05:25:53', 1),
(407, 'analysis', '2020-06-11 09:50:28', 1),
(408, 'analysis', '2020-06-11 10:02:26', 0),
(409, 'analysis', '2020-06-11 10:43:45', 1),
(410, 'analysis', '2020-06-11 10:48:54', 1),
(411, 'analysis', '2020-06-11 10:58:26', 1),
(412, 'analysis', '2020-06-11 10:58:39', 1),
(413, 'analysis', '2020-06-11 10:58:52', 1),
(414, 'analysis', '2020-06-11 11:05:23', 1),
(415, 'analysis', '2020-06-11 11:08:54', 1),
(416, 'analysis', '2020-06-11 11:53:35', 1),
(417, 'analysis', '2020-06-11 11:54:17', 1),
(418, 'analysis', '2020-06-11 12:07:46', 1),
(419, 'analysis', '2020-06-11 13:07:54', 1),
(420, 'analysis', '2020-06-11 13:12:50', 1),
(421, 'analysis', '2020-06-12 03:59:37', 1),
(422, 'analysis', '2020-06-12 04:07:28', 1),
(423, 'analysis', '2020-06-12 04:07:37', 1),
(424, 'analysis', '2020-06-12 04:07:47', 1),
(425, 'analysis', '2020-06-12 04:10:31', 1),
(426, 'analysis', '2020-06-12 04:10:41', 1),
(427, 'analysis', '2020-06-12 04:10:55', 1),
(428, 'analysis', '2020-06-12 04:45:04', 1),
(429, 'analysis', '2020-06-12 04:46:53', 1),
(430, 'analysis', '2020-06-12 04:48:58', 1),
(431, 'analysis', '2020-06-12 05:03:13', 1),
(432, 'analysis', '2020-06-12 05:04:57', 1),
(433, 'analysis', '2020-06-12 05:14:23', 1),
(434, 'verify', '2020-06-12 05:20:29', 1),
(435, 'analysis', '2020-06-12 05:34:41', 1),
(436, 'analysis', '2020-06-12 05:36:04', 1),
(437, 'analysis', '2020-06-12 05:40:23', 1),
(438, 'analysis', '2020-06-12 05:41:33', 1),
(439, 'analysis', '2020-06-12 05:42:28', 1),
(440, 'analysis', '2020-06-12 05:43:01', 1),
(441, 'approver', '2020-06-12 05:45:21', 1),
(442, 'admin', '2020-06-12 05:46:06', 1),
(443, 'analysis', '2020-06-12 05:49:11', 1),
(444, 'analysis', '2020-06-12 06:18:11', 1),
(445, 'analysis', '2020-06-12 06:28:02', 1),
(446, 'analysis', '2020-06-12 06:28:19', 1),
(447, 'admin', '2020-06-12 06:39:27', 1),
(448, 'admin', '2020-06-12 06:39:38', 1),
(449, 'admin', '2020-06-12 06:44:05', 1),
(450, 'analysis', '2020-06-12 06:59:01', 1),
(451, 'analysis', '2020-06-12 07:15:39', 1),
(452, 'analysis', '2020-06-12 07:15:58', 1),
(453, 'analysis', '2020-06-12 07:16:15', 1),
(454, 'analysis', '2020-06-12 07:20:12', 1),
(455, 'analysis', '2020-06-12 07:20:20', 1),
(456, 'analysis', '2020-06-12 07:20:28', 1),
(457, 'admin', '2020-06-12 07:21:21', 1),
(458, 'analysis', '2020-06-12 08:00:28', 1),
(459, 'analysis', '2020-06-12 08:00:40', 1),
(460, 'analysis', '2020-06-12 08:00:53', 1),
(461, 'analysis', '2020-06-12 08:03:46', 1),
(462, 'analysis', '2020-06-12 08:03:56', 1),
(463, 'analysis', '2020-06-12 08:04:08', 1),
(464, 'analysis', '2020-06-12 08:06:54', 1),
(465, 'analysis', '2020-06-12 08:07:05', 1),
(466, 'analysis', '2020-06-12 08:07:16', 1),
(467, 'analysis', '2020-06-12 08:12:38', 1),
(468, 'analysis', '2020-06-12 08:12:46', 1),
(469, 'analysis', '2020-06-12 08:12:55', 1),
(470, 'analysis', '2020-06-12 08:14:30', 1),
(471, 'analysis', '2020-06-12 08:14:39', 1),
(472, 'analysis', '2020-06-12 08:14:48', 1),
(473, 'analysis', '2020-06-12 08:19:00', 1),
(474, 'analysis', '2020-06-12 08:19:10', 1),
(475, 'analysis', '2020-06-12 08:19:20', 1),
(476, 'analysis', '2020-06-12 08:26:33', 0),
(477, 'analysis', '2020-06-12 08:26:41', 1),
(478, 'Analysis', '2020-06-12 09:51:19', 0),
(479, 'Analysis', '2020-06-12 09:51:28', 0),
(480, 'analysis', '2020-06-12 09:51:37', 1),
(481, 'admin', '2020-06-12 11:26:29', 1),
(482, 'analysis', '2020-06-12 11:55:46', 1),
(483, 'analysis', '2020-06-12 11:57:00', 1),
(484, 'admin', '2020-06-12 12:20:20', 1),
(485, 'analysis', '2020-06-12 12:44:01', 1),
(486, 'analysis', '2020-06-12 12:44:14', 1),
(487, 'analysis', '2020-06-12 12:44:27', 1),
(488, 'analysis', '2020-06-12 13:20:02', 1),
(489, 'analysis', '2020-06-15 03:56:34', 1),
(490, 'analysis', '2020-06-15 06:01:42', 1),
(491, 'analysis', '2020-06-15 06:07:27', 1),
(492, 'analysis', '2020-06-15 06:08:55', 1),
(493, 'analysis', '2020-06-15 08:48:42', 1),
(494, 'analysis', '2020-06-15 09:10:43', 1),
(495, 'analysis', '2020-06-15 09:16:31', 1),
(496, 'analysis', '2020-06-15 09:18:45', 1),
(497, 'analysis', '2020-06-15 09:23:02', 1),
(498, 'analysis', '2020-06-15 09:31:58', 1),
(499, 'analysis', '2020-06-15 09:33:12', 1),
(500, 'analysis', '2020-06-15 09:39:32', 1),
(501, 'analysis', '2020-06-15 09:50:35', 1),
(502, 'analysis', '2020-06-15 09:51:33', 1),
(503, 'analysis', '2020-06-15 10:04:47', 1),
(504, 'analysis', '2020-06-15 10:05:40', 1),
(505, 'analysis', '2020-06-15 10:25:38', 1),
(506, 'analysis', '2020-06-15 10:46:02', 1),
(507, 'analysis', '2020-06-15 11:46:45', 1),
(508, 'analysis', '2020-06-15 11:49:55', 1),
(509, 'analysis', '2020-06-15 11:51:46', 1),
(510, 'analysis', '2020-06-15 11:54:15', 1),
(511, 'analysis', '2020-06-15 11:55:00', 1),
(512, 'analysis', '2020-06-15 11:57:05', 1),
(513, 'analysis', '2020-06-15 11:59:05', 1),
(514, 'analysis', '2020-06-15 12:24:13', 1),
(515, 'analysis', '2020-06-15 12:32:39', 1),
(516, 'analysis', '2020-06-15 13:00:25', 1),
(517, 'analysis', '2020-06-15 13:02:37', 1),
(518, 'analysis', '2020-06-15 13:04:49', 1),
(519, 'analysis', '2020-06-15 13:08:14', 1),
(520, 'analysis', '2020-06-15 13:11:39', 1),
(521, 'analysis', '2020-06-15 13:15:08', 1),
(522, 'analysis', '2020-06-15 13:17:18', 1),
(523, 'analysis', '2020-06-15 13:18:36', 1),
(524, 'analysis', '2020-06-15 13:19:54', 1),
(525, 'analysis', '2020-06-16 04:08:24', 1),
(526, 'analysis', '2020-06-16 04:09:00', 1),
(527, 'analysis', '2020-06-16 04:20:09', 1),
(528, 'analysis', '2020-06-16 04:26:03', 1),
(529, 'analysis', '2020-06-16 04:28:30', 1),
(530, 'analysis', '2020-06-16 04:30:08', 1),
(531, 'analysis', '2020-06-16 04:32:08', 1),
(532, 'analysis', '2020-06-16 04:33:26', 1),
(533, 'analysis', '2020-06-16 04:38:53', 1),
(534, 'analysis', '2020-06-16 04:46:49', 1),
(535, 'analysis', '2020-06-16 04:51:55', 1),
(536, 'analysis', '2020-06-16 04:53:49', 1),
(537, 'analysis', '2020-06-16 04:56:40', 1),
(538, 'analysis', '2020-06-16 05:06:27', 1),
(539, 'analysis', '2020-06-16 05:09:17', 1),
(540, 'analysis', '2020-06-16 07:26:49', 1),
(541, 'analysis', '2020-06-16 08:05:38', 1),
(542, 'analysis', '2020-06-16 08:07:41', 1),
(543, 'analysis', '2020-06-16 08:11:25', 1),
(544, 'analysis', '2020-06-16 08:20:06', 1),
(545, 'analysis', '2020-06-16 08:25:51', 1),
(546, 'analysis', '2020-06-16 08:27:47', 1),
(547, 'analysis', '2020-06-16 09:48:22', 1),
(548, 'analysis', '2020-06-16 09:49:33', 1),
(549, 'analysis', '2020-06-16 09:53:37', 1),
(550, 'analysis', '2020-06-16 09:55:19', 1),
(551, 'analysis', '2020-06-16 10:08:34', 1),
(552, 'analysis', '2020-06-16 10:58:04', 1),
(553, 'analysis', '2020-06-16 11:00:10', 1),
(554, 'analysis', '2020-06-16 11:00:47', 1),
(555, 'analysis', '2020-06-16 11:06:27', 1),
(556, 'analysis', '2020-06-16 11:42:42', 1),
(557, 'analysis', '2020-06-16 11:43:33', 1),
(558, 'analysis', '2020-06-16 11:45:58', 1),
(559, 'analysis', '2020-06-16 12:02:56', 1),
(560, 'analysis', '2020-06-16 12:12:23', 1),
(561, 'analysis', '2020-06-17 03:45:59', 1),
(562, 'analysis', '2020-06-17 06:06:46', 1),
(563, 'analysis', '2020-06-17 06:09:30', 1),
(564, 'analysis', '2020-06-17 06:10:33', 1),
(565, 'analysis', '2020-06-17 06:11:05', 1),
(566, 'analysis', '2020-06-17 06:12:37', 1),
(567, 'analysis', '2020-06-17 06:13:42', 1),
(568, 'analysis', '2020-06-17 06:16:50', 1),
(569, 'analysis', '2020-06-17 06:18:00', 1),
(570, 'analysis', '2020-06-17 06:20:25', 1),
(571, 'analysis', '2020-06-17 06:22:14', 1),
(572, 'analysis', '2020-06-17 06:23:47', 1),
(573, 'analysis', '2020-06-17 06:23:56', 1),
(574, 'analysis', '2020-06-17 06:24:06', 1),
(575, 'analysis', '2020-06-17 06:24:21', 1),
(576, 'analysis', '2020-06-17 07:05:41', 1),
(577, 'analysis', '2020-06-17 07:05:56', 1),
(578, 'analysis', '2020-06-17 07:06:07', 1),
(579, 'analysis', '2020-06-17 07:06:23', 1),
(580, 'analysis', '2020-06-17 07:09:23', 1),
(581, 'analysis', '2020-06-17 07:11:12', 1),
(582, 'analysis', '2020-06-17 07:11:24', 1),
(583, 'analysis', '2020-06-17 07:11:37', 1),
(584, 'analysis', '2020-06-17 07:11:56', 1),
(585, 'analysis', '2020-06-17 07:13:35', 1),
(586, 'analysis', '2020-06-17 07:15:17', 1),
(587, 'analysis', '2020-06-17 07:16:28', 1),
(588, 'analysis', '2020-06-17 07:19:20', 1),
(589, 'analysis', '2020-06-17 07:22:37', 1),
(590, 'analysis', '2020-06-17 07:23:20', 1),
(591, 'analysis', '2020-06-17 07:24:32', 1),
(592, 'analysis', '2020-06-17 07:30:30', 1),
(593, 'analysis', '2020-06-17 08:04:05', 1),
(594, 'analysis', '2020-06-17 08:05:01', 1),
(595, 'analysis', '2020-06-17 08:08:04', 1),
(596, 'analysis', '2020-06-17 08:09:12', 1),
(597, 'analysis', '2020-06-17 08:11:29', 1),
(598, 'analysis', '2020-06-17 08:13:00', 1),
(599, 'analysis', '2020-06-17 08:14:25', 1),
(600, 'analysis', '2020-06-17 08:16:07', 1),
(601, 'analysis', '2020-06-17 08:18:46', 1),
(602, 'analysis', '2020-06-17 08:18:54', 1),
(603, 'analysis', '2020-06-17 08:19:03', 1),
(604, 'analysis', '2020-06-17 08:19:16', 1),
(605, 'analysis', '2020-06-17 08:34:03', 1),
(606, 'analysis', '2020-06-17 08:34:18', 1),
(607, 'analysis', '2020-06-17 08:34:30', 1),
(608, 'analysis', '2020-06-17 08:34:49', 1),
(609, 'analysis', '2020-06-17 08:44:53', 1),
(610, 'analysis', '2020-06-17 08:47:14', 1),
(611, 'analysis', '2020-06-17 08:47:58', 1),
(612, 'analysis', '2020-06-17 08:48:26', 1),
(613, 'admin', '2020-06-17 08:48:59', 1),
(614, 'admin', '2020-06-17 08:49:06', 1),
(615, 'analysis', '2020-06-17 08:52:34', 1),
(616, 'admin', '2020-06-17 08:52:56', 1),
(617, 'analysis', '2020-06-17 08:53:50', 1),
(618, 'admin', '2020-06-17 09:40:56', 1),
(619, 'analysis', '2020-06-17 10:53:01', 1),
(620, 'analysis', '2020-06-17 11:30:05', 1),
(621, 'analysis', '2020-06-17 11:33:50', 1),
(622, 'analysis', '2020-06-17 11:34:23', 1),
(623, 'analysis', '2020-06-17 11:34:59', 1),
(624, 'analysis', '2020-06-17 11:38:55', 1),
(625, 'admin', '2020-06-17 11:48:22', 1),
(626, 'analysis', '2020-06-17 12:38:55', 1),
(627, 'analysis', '2020-06-17 12:49:54', 1),
(628, 'analysis', '2020-06-18 03:32:38', 1),
(629, 'analysis', '2020-06-18 03:55:30', 1),
(630, 'analysis', '2020-06-18 03:55:43', 1),
(631, 'analysis', '2020-06-18 03:55:55', 1),
(632, 'analysis', '2020-06-18 03:56:12', 1),
(633, 'analysis', '2020-06-18 04:09:45', 1),
(634, 'analysis', '2020-06-18 04:10:21', 1),
(635, 'analysis', '2020-06-18 04:13:56', 1),
(636, 'analysis', '2020-06-18 04:30:47', 1),
(637, 'analysis', '2020-06-18 04:33:11', 1),
(638, 'analysis', '2020-06-18 04:34:29', 1),
(639, 'analysis', '2020-06-18 04:38:12', 1),
(640, 'analysis', '2020-06-18 04:41:57', 1),
(641, 'analysis', '2020-06-18 04:45:41', 1),
(642, 'analysis', '2020-06-18 04:46:49', 1),
(643, 'analysis', '2020-06-18 04:48:39', 1),
(644, 'analysis', '2020-06-18 04:49:40', 1),
(645, 'analysis', '2020-06-18 04:51:23', 1),
(646, 'analysis', '2020-06-18 04:52:31', 1),
(647, 'analysis', '2020-06-18 04:53:41', 1),
(648, 'analysis', '2020-06-18 04:58:48', 1),
(649, 'analysis', '2020-06-18 05:23:52', 1),
(650, 'analysis', '2020-06-18 05:24:54', 1),
(651, 'analysis', '2020-06-18 05:27:16', 1),
(652, 'admin', '2020-06-18 05:51:10', 1),
(653, 'admin', '2020-06-18 06:28:40', 1),
(654, 'analysis', '2020-06-18 08:22:13', 1),
(655, 'analysis', '2020-06-18 08:25:00', 1),
(656, 'analysis', '2020-06-18 08:27:31', 1),
(657, 'analysis', '2020-06-18 08:28:48', 1),
(658, 'analysis', '2020-06-18 08:29:55', 1),
(659, 'analysis', '2020-06-18 08:31:08', 1),
(660, 'analysis', '2020-06-18 08:32:02', 1),
(661, 'analysis', '2020-06-18 08:33:11', 1),
(662, 'analysis', '2020-06-18 08:34:26', 1),
(663, 'analysis', '2020-06-18 08:34:39', 1),
(664, 'analysis', '2020-06-18 08:34:52', 1),
(665, 'analysis', '2020-06-18 08:35:08', 1),
(666, 'analysis', '2020-06-18 08:36:44', 1),
(667, 'analysis', '2020-06-18 08:38:02', 1),
(668, 'analysis', '2020-06-18 08:38:11', 1),
(669, 'analysis', '2020-06-18 08:38:24', 1),
(670, 'analysis', '2020-06-18 08:38:40', 1),
(671, 'analysis', '2020-06-18 08:43:37', 1),
(672, 'analysis', '2020-06-18 08:46:19', 1),
(673, 'analysis', '2020-06-18 08:48:49', 1),
(674, 'analysis', '2020-06-18 08:53:16', 1),
(675, 'analysis', '2020-06-18 08:58:44', 1),
(676, 'analysis', '2020-06-18 08:59:52', 1),
(677, 'analysis', '2020-06-18 09:02:02', 1),
(678, 'analysis', '2020-06-18 09:02:50', 1),
(679, 'analysis', '2020-06-18 09:03:20', 1),
(680, 'analysis', '2020-06-18 09:03:52', 1),
(681, 'analysis', '2020-06-18 09:06:27', 1),
(682, 'analysis', '2020-06-18 09:08:09', 1),
(683, 'analysis', '2020-06-18 09:12:47', 1),
(684, 'analysis', '2020-06-18 09:22:12', 1),
(685, 'analysis', '2020-06-18 09:23:04', 1),
(686, 'analysis', '2020-06-18 09:29:15', 1),
(687, 'analysis', '2020-06-18 09:46:50', 1),
(688, 'analysis', '2020-06-18 09:48:25', 1),
(689, 'analysis', '2020-06-18 09:53:00', 1),
(690, 'analysis', '2020-06-18 09:55:37', 1),
(691, 'analysis', '2020-06-18 09:57:31', 1),
(692, 'analysis', '2020-06-18 10:05:38', 1),
(693, 'analysis', '2020-06-18 10:07:09', 1),
(694, 'analysis', '2020-06-18 10:08:29', 1),
(695, 'analysis', '2020-06-18 10:12:04', 1),
(696, 'analysis', '2020-06-18 10:26:30', 1),
(697, 'analysis', '2020-06-18 10:31:31', 1),
(698, 'analysis', '2020-06-19 06:28:30', 1),
(699, 'admin', '2020-06-19 07:14:39', 0),
(700, 'admin', '2020-06-19 07:14:50', 1),
(701, 'analysis', '2020-06-19 08:05:29', 1),
(702, 'analysis', '2020-06-19 08:33:19', 1),
(703, 'admin', '2020-06-19 08:37:20', 1),
(704, 'analysis', '2020-06-19 08:38:50', 1),
(705, 'elur', '2020-06-19 08:39:48', 0),
(706, 'analysis', '2020-06-19 08:48:56', 1),
(707, 'analysis', '2020-06-19 08:53:04', 1),
(708, 'admin', '2020-06-19 08:54:43', 1),
(709, 'verify', '2020-06-19 09:03:13', 1),
(710, 'approver', '2020-06-19 09:05:40', 1),
(711, 'verify', '2020-06-19 09:10:40', 1),
(712, 'approver', '2020-06-19 09:31:19', 1),
(713, 'verify', '2020-06-19 09:32:15', 1),
(714, 'approver', '2020-06-19 09:33:00', 1),
(715, 'verify', '2020-06-19 09:33:56', 1),
(716, 'approver', '2020-06-19 09:35:04', 1),
(717, 'verify', '2020-06-19 09:39:42', 1),
(718, 'analysis', '2020-06-19 09:43:13', 1),
(719, 'approver', '2020-06-19 09:46:06', 1),
(720, 'analysis', '2020-06-19 10:20:41', 1),
(721, 'approver', '2020-06-19 11:11:13', 1),
(722, 'admin', '2020-06-19 11:12:37', 1),
(723, 'approver', '2020-06-19 11:13:36', 1),
(724, 'verify', '2020-06-19 11:14:17', 1),
(725, 'analysis', '2020-06-22 03:58:31', 1),
(726, 'analysis', '2020-06-22 03:58:49', 1),
(727, 'analysis', '2020-06-22 03:59:03', 1),
(728, 'analysis', '2020-06-22 03:59:35', 1),
(729, 'admin', '2020-06-22 04:57:00', 1),
(730, 'admin', '2020-06-22 04:58:18', 1),
(731, 'approver', '2020-06-25 07:26:20', 1),
(732, 'admin', '2020-06-26 11:39:04', 0),
(733, 'admin', '2020-06-26 11:39:22', 1),
(734, 'analysis', '2020-06-30 06:28:10', 1),
(735, 'analysis', '2020-06-30 06:32:50', 1),
(736, 'verify', '2020-06-30 06:37:57', 1),
(737, 'approver', '2020-06-30 06:40:42', 1),
(738, 'admin', '2020-06-30 06:51:25', 1);

-- --------------------------------------------------------

--
-- Table structure for table `usermaster`
--

CREATE TABLE `usermaster` (
  `UserId` varchar(70) NOT NULL,
  `UserName` varchar(250) DEFAULT NULL,
  `UserEmail` varchar(70) DEFAULT NULL,
  `ContactNum` varchar(25) DEFAULT NULL,
  `CreatedDate` timestamp NOT NULL DEFAULT current_timestamp(),
  `Role` bigint(20) NOT NULL,
  `Password` varchar(50) DEFAULT NULL,
  `IsActive` int(11) NOT NULL,
  `LdapUser` int(11) NOT NULL
) ENGINE=InnoDB DEFAULT CHARSET=latin1;

--
-- Dumping data for table `usermaster`
--

INSERT INTO `usermaster` (`UserId`, `UserName`, `UserEmail`, `ContactNum`, `CreatedDate`, `Role`, `Password`, `IsActive`, `LdapUser`) VALUES
('admin', 'Admin', 'test.inboxtechs@gmail.com', '123456789', '2020-02-20 06:53:31', 1, 'admin', 1, 0),
('analysis', 'Analysis', 'test.inboxtechs@gmail.com', '3424434234', '2020-02-20 12:20:18', 2, '123', 1, 0),
('approver', 'Approver', 'test.inboxtechs@gmail.com', '45355435345345345', '2020-02-20 12:20:59', 4, '123', 1, 0),
('einstein', 'Albert Einstein 123', 'test.inboxtechs@gmail.com', '314-159-2653', '2020-03-03 02:00:29', 3, '', 1, 1),
('euler', 'Euler Approver', 'test.inboxtechs@gmail.com', '1234567890', '2020-03-02 11:27:38', 4, '123123123', 1, 1),
('gauss', 'Carl Friedrich Gauss', 'test.inboxtechs@gmail.com', NULL, '2020-03-03 02:05:30', 4, '', 1, 1),
('newton', 'Newton Analysis', 'test.inboxtechs@gmail.com', '1234567890', '2020-03-02 11:27:38', 2, '123123123', 1, 1),
('tesla', 'Tesla Admin', 'test.inboxtechs@gmail.com', '+91 265 265 2652 2658', '2020-03-02 11:27:38', 1, NULL, 1, 1),
('test', 'Test', 'test.inboxtechs@gmail.com', NULL, '2020-03-18 03:42:14', 2, NULL, 1, 1),
('test123', 'Test User', 'test.inboxtechs@gmail.com', '123456789', '2020-03-18 04:19:45', 3, 'test123456789', 1, 0),
('TestUser', 'Test User', 'test.inboxtechs@gmail.com', NULL, '2020-03-18 04:03:57', 4, 'TestUser', 1, 0),
('verify', 'verify', 'test.inboxtechs@gmail.com', '123123123', '2020-02-20 12:20:18', 3, '123', 1, 0),
('Verify1', 'Verify 1', 'test.inboxtechs@gmail.com', '1234567890', '2020-02-26 10:13:12', 3, '123', 1, 0);

--
-- Indexes for dumped tables
--

--
-- Indexes for table `calibration`
--
ALTER TABLE `calibration`
  ADD PRIMARY KEY (`RecId`);

--
-- Indexes for table `calibrationcomment`
--
ALTER TABLE `calibrationcomment`
  ADD PRIMARY KEY (`RecId`);

--
-- Indexes for table `calibrationform`
--
ALTER TABLE `calibrationform`
  ADD PRIMARY KEY (`RecId`);

--
-- Indexes for table `calibrationformtype`
--
ALTER TABLE `calibrationformtype`
  ADD PRIMARY KEY (`RecId`);

--
-- Indexes for table `calibrationline`
--
ALTER TABLE `calibrationline`
  ADD PRIMARY KEY (`RecId`);

--
-- Indexes for table `calibrationlineobsmass`
--
ALTER TABLE `calibrationlineobsmass`
  ADD PRIMARY KEY (`RecId`);

--
-- Indexes for table `calibrationposition`
--
ALTER TABLE `calibrationposition`
  ADD PRIMARY KEY (`RecId`);

--
-- Indexes for table `calibrationreq`
--
ALTER TABLE `calibrationreq`
  ADD PRIMARY KEY (`RecId`);

--
-- Indexes for table `criteria`
--
ALTER TABLE `criteria`
  ADD PRIMARY KEY (`RecId`);

--
-- Indexes for table `devicemaster`
--
ALTER TABLE `devicemaster`
  ADD PRIMARY KEY (`RecId`);

--
-- Indexes for table `devicepositionweight`
--
ALTER TABLE `devicepositionweight`
  ADD PRIMARY KEY (`RecId`);

--
-- Indexes for table `deviceweight`
--
ALTER TABLE `deviceweight`
  ADD PRIMARY KEY (`RecId`);

--
-- Indexes for table `deviceweightobsmass`
--
ALTER TABLE `deviceweightobsmass`
  ADD PRIMARY KEY (`RecId`);

--
-- Indexes for table `instrumentmaster`
--
ALTER TABLE `instrumentmaster`
  ADD PRIMARY KEY (`RecId`);

--
-- Indexes for table `monthlycalibrationdetails`
--
ALTER TABLE `monthlycalibrationdetails`
  ADD PRIMARY KEY (`RecId`);

--
-- Indexes for table `rolemaster`
--
ALTER TABLE `rolemaster`
  ADD PRIMARY KEY (`RecId`);

--
-- Indexes for table `statusmaster`
--
ALTER TABLE `statusmaster`
  ADD PRIMARY KEY (`RecId`);

--
-- Indexes for table `userloginlog`
--
ALTER TABLE `userloginlog`
  ADD PRIMARY KEY (`RecId`);

--
-- Indexes for table `usermaster`
--
ALTER TABLE `usermaster`
  ADD UNIQUE KEY `UserId` (`UserId`);

--
-- AUTO_INCREMENT for dumped tables
--

--
-- AUTO_INCREMENT for table `calibration`
--
ALTER TABLE `calibration`
  MODIFY `RecId` bigint(20) NOT NULL AUTO_INCREMENT, AUTO_INCREMENT=136;

--
-- AUTO_INCREMENT for table `calibrationcomment`
--
ALTER TABLE `calibrationcomment`
  MODIFY `RecId` bigint(20) NOT NULL AUTO_INCREMENT, AUTO_INCREMENT=226;

--
-- AUTO_INCREMENT for table `calibrationform`
--
ALTER TABLE `calibrationform`
  MODIFY `RecId` bigint(20) NOT NULL AUTO_INCREMENT, AUTO_INCREMENT=7;

--
-- AUTO_INCREMENT for table `calibrationformtype`
--
ALTER TABLE `calibrationformtype`
  MODIFY `RecId` bigint(20) NOT NULL AUTO_INCREMENT, AUTO_INCREMENT=4;

--
-- AUTO_INCREMENT for table `calibrationline`
--
ALTER TABLE `calibrationline`
  MODIFY `RecId` bigint(20) NOT NULL AUTO_INCREMENT, AUTO_INCREMENT=659;

--
-- AUTO_INCREMENT for table `calibrationlineobsmass`
--
ALTER TABLE `calibrationlineobsmass`
  MODIFY `RecId` bigint(20) NOT NULL AUTO_INCREMENT, AUTO_INCREMENT=232;

--
-- AUTO_INCREMENT for table `calibrationposition`
--
ALTER TABLE `calibrationposition`
  MODIFY `RecId` bigint(20) NOT NULL AUTO_INCREMENT, AUTO_INCREMENT=72;

--
-- AUTO_INCREMENT for table `calibrationreq`
--
ALTER TABLE `calibrationreq`
  MODIFY `RecId` bigint(20) NOT NULL AUTO_INCREMENT, AUTO_INCREMENT=5;

--
-- AUTO_INCREMENT for table `criteria`
--
ALTER TABLE `criteria`
  MODIFY `RecId` bigint(20) NOT NULL AUTO_INCREMENT, AUTO_INCREMENT=3;

--
-- AUTO_INCREMENT for table `devicemaster`
--
ALTER TABLE `devicemaster`
  MODIFY `RecId` bigint(20) NOT NULL AUTO_INCREMENT, AUTO_INCREMENT=18;

--
-- AUTO_INCREMENT for table `devicepositionweight`
--
ALTER TABLE `devicepositionweight`
  MODIFY `RecId` bigint(20) NOT NULL AUTO_INCREMENT, AUTO_INCREMENT=51;

--
-- AUTO_INCREMENT for table `deviceweight`
--
ALTER TABLE `deviceweight`
  MODIFY `RecId` bigint(20) NOT NULL AUTO_INCREMENT, AUTO_INCREMENT=220;

--
-- AUTO_INCREMENT for table `deviceweightobsmass`
--
ALTER TABLE `deviceweightobsmass`
  MODIFY `RecId` bigint(20) NOT NULL AUTO_INCREMENT, AUTO_INCREMENT=76;

--
-- AUTO_INCREMENT for table `instrumentmaster`
--
ALTER TABLE `instrumentmaster`
  MODIFY `RecId` bigint(20) NOT NULL AUTO_INCREMENT, AUTO_INCREMENT=7;

--
-- AUTO_INCREMENT for table `monthlycalibrationdetails`
--
ALTER TABLE `monthlycalibrationdetails`
  MODIFY `RecId` bigint(20) NOT NULL AUTO_INCREMENT, AUTO_INCREMENT=39;

--
-- AUTO_INCREMENT for table `rolemaster`
--
ALTER TABLE `rolemaster`
  MODIFY `RecId` bigint(20) NOT NULL AUTO_INCREMENT, AUTO_INCREMENT=5;

--
-- AUTO_INCREMENT for table `statusmaster`
--
ALTER TABLE `statusmaster`
  MODIFY `RecId` int(11) NOT NULL AUTO_INCREMENT, AUTO_INCREMENT=41;

--
-- AUTO_INCREMENT for table `userloginlog`
--
ALTER TABLE `userloginlog`
  MODIFY `RecId` bigint(20) NOT NULL AUTO_INCREMENT, AUTO_INCREMENT=739;
COMMIT;

/*!40101 SET CHARACTER_SET_CLIENT=@OLD_CHARACTER_SET_CLIENT */;
/*!40101 SET CHARACTER_SET_RESULTS=@OLD_CHARACTER_SET_RESULTS */;
/*!40101 SET COLLATION_CONNECTION=@OLD_COLLATION_CONNECTION */;
